,WorkPlace,EdLevel,YearsCodePro,YearsCode,Employment,WorkPosition,DevType,Age,OrgSize,Salary
1,กรุงเทพมหานคร (Bangkok),ปริญญาเอก (Doctoral Degree or PhD),4.0,15.0,full-time,Data,"Data scientist or machine learning specialist, Scientist",25-34 ปี,"10,000 คนขึ้นไป (10,000 or more employees)",1500000
2,กรุงเทพมหานคร (Bangkok),ปริญญาเอก (Doctoral Degree or PhD),0.0,7.0,full-time,Data,"Data scientist or machine learning specialist, Academic researcher, Student",25-34 ปี,2 คนขึ้นไป แต่ไม่เกิน 20 คน (2 to 19 employees),240000
3,กรุงเทพมหานคร (Bangkok),ปริญญาโท (Master's Degree),6.0,2.0,full-time,Data,Data engineer,25-34 ปี,"1,000 คนขึ้นไป แต่ไม่เกิน 10,000 คน (1,000 to 9,999 employees)",756000
4,กรุงเทพมหานคร (Bangkok),ปริญญาตรี (Bachelor's Degree),5.0,5.0,full-time,Web dev,"Front-end developer, QA or test developer, Designer",25-34 ปี,20 คนขึ้นไป แต่ไม่เกิน 100 คน (20 to 99 employees),400000
5,กรุงเทพมหานคร (Bangkok),ปริญญาตรี (Bachelor's Degree),2.0,4.0,full-time,Web dev,Full-stack developer,18-24 ปี,2 คนขึ้นไป แต่ไม่เกิน 20 คน (2 to 19 employees),264000
6,กรุงเทพมหานคร (Bangkok),ปริญญาตรี (Bachelor's Degree),1.0,3.0,full-time,Data,Data scientist or machine learning specialist,18-24 ปี,"100 คนขึ้นไป แต่ไม่เกิน 1,000 คน (100 to 999 employees)",276000
7,กรุงเทพมหานคร (Bangkok),ปริญญาโท (Master's Degree),1.0,3.0,full-time,Web dev,Front-end developer,25-34 ปี,"100 คนขึ้นไป แต่ไม่เกิน 1,000 คน (100 to 999 employees)",540000
8,กรุงเทพมหานคร (Bangkok),ปริญญาตรี (Bachelor's Degree),0.5,0.5,full-time,Data,"Data scientist or machine learning specialist, Data or business analyst",18-24 ปี,20 คนขึ้นไป แต่ไม่เกิน 100 คน (20 to 99 employees),360000
9,กรุงเทพมหานคร (Bangkok),ปริญญาตรี (Bachelor's Degree),1.0,5.0,full-time,Data,"Back-end developer, Front-end developer, Data scientist or machine learning specialist, QA or test developer",18-24 ปี,"100 คนขึ้นไป แต่ไม่เกิน 1,000 คน (100 to 999 employees)",768000
10,ประจวบคีรีขันธ์ (Prachuap Kiri Kan),มัธยมศึกษาตอนปลาย (High School),1.0,5.0,full-time,Data,"Data scientist or machine learning specialist, Scientist, Academic researcher, Student",18-24 ปี,"1,000 คนขึ้นไป แต่ไม่เกิน 10,000 คน (1,000 to 9,999 employees)",919000
11,กรุงเทพมหานคร (Bangkok),ปริญญาตรี (Bachelor's Degree),0.0,4.0,full-time,Web dev,Full-stack developer,18-24 ปี,"1,000 คนขึ้นไป แต่ไม่เกิน 10,000 คน (1,000 to 9,999 employees)",360000
12,กรุงเทพมหานคร (Bangkok),ปริญญาตรี (Bachelor's Degree),2.5,2.5,full-time,Web dev,Full-stack developer,25-34 ปี,"100 คนขึ้นไป แต่ไม่เกิน 1,000 คน (100 to 999 employees)",360000
13,นนทบุรี (Nonthaburi),ปริญญาโท (Master's Degree),5.0,5.0,full-time,Web dev,"Back-end developer, Full-stack developer",25-34 ปี,"1,000 คนขึ้นไป แต่ไม่เกิน 10,000 คน (1,000 to 9,999 employees)",840000
14,กรุงเทพมหานคร (Bangkok),ปริญญาตรี (Bachelor's Degree),4.2,4.2,full-time,Admin,"Back-end developer, Database administrator",25-34 ปี,"100 คนขึ้นไป แต่ไม่เกิน 1,000 คน (100 to 999 employees)",300000
15,กรุงเทพมหานคร (Bangkok),ปริญญาตรี (Bachelor's Degree),6.0,1.0,full-time,Manager,"QA or test developer, Product manager, Student",25-34 ปี,"100 คนขึ้นไป แต่ไม่เกิน 1,000 คน (100 to 999 employees)",600000
16,กรุงเทพมหานคร (Bangkok),ปริญญาตรี (Bachelor's Degree),2.9,0.0,full-time,Bussiness,Marketing or sales professional,25-34 ปี,"10,000 คนขึ้นไป (10,000 or more employees)",960000
17,กรุงเทพมหานคร (Bangkok),ปริญญาโท (Master's Degree),2.0,5.0,part-time,Web dev,"Front-end developer, Designer",25-34 ปี,2 คนขึ้นไป แต่ไม่เกิน 20 คน (2 to 19 employees),333000
18,กรุงเทพมหานคร (Bangkok),ปริญญาตรี (Bachelor's Degree),7.0,8.0,full-time,Data,Data engineer,25-34 ปี,"100 คนขึ้นไป แต่ไม่เกิน 1,000 คน (100 to 999 employees)",1560000
19,กรุงเทพมหานคร (Bangkok),ปริญญาตรี (Bachelor's Degree),0.0,2.0,full-time,Web dev,"Back-end developer, Student",18-24 ปี,"100 คนขึ้นไป แต่ไม่เกิน 1,000 คน (100 to 999 employees)",420000
20,กรุงเทพมหานคร (Bangkok),ปริญญาตรี (Bachelor's Degree),2.0,6.0,full-time,Admin,"Data scientist or machine learning specialist, Database administrator, Engineering manager, System administrator, Student",25-34 ปี,"100 คนขึ้นไป แต่ไม่เกิน 1,000 คน (100 to 999 employees)",264000
21,กรุงเทพมหานคร (Bangkok),ปริญญาตรี (Bachelor's Degree),1.0,5.0,full-time,Web dev,"Back-end developer, Front-end developer",18-24 ปี,"100 คนขึ้นไป แต่ไม่เกิน 1,000 คน (100 to 999 employees)",414000
22,นครราชสีมา (Nakhon Ratchasima),ปริญญาโท (Master's Degree),10.0,20.0,full-time,Web dev,"Back-end developer, Front-end developer, Full-stack developer, Embedded applications or devices developer, Data scientist or machine learning specialist, Mobile developer",25-34 ปี,"10,000 คนขึ้นไป (10,000 or more employees)",878400
23,กรุงเทพมหานคร (Bangkok),ปริญญาตรี (Bachelor's Degree),2.5,3.2,full-time,Web dev,Full-stack developer,25-34 ปี,20 คนขึ้นไป แต่ไม่เกิน 100 คน (20 to 99 employees),612000
24,กรุงเทพมหานคร (Bangkok),ปริญญาตรี (Bachelor's Degree),1.0,5.0,full-time,Web dev,"Front-end developer, Full-stack developer, Student",18-24 ปี,"1,000 คนขึ้นไป แต่ไม่เกิน 10,000 คน (1,000 to 9,999 employees)",720000
25,น่าน (Nan),ปวส. (High Vocational Certificate),1.0,6.0,full-time,Web dev,"Full-stack developer, Database administrator, Data or business analyst, Designer, System administrator, Game or graphics developer",18-24 ปี,2 คนขึ้นไป แต่ไม่เกิน 20 คน (2 to 19 employees),720000
26,กรุงเทพมหานคร (Bangkok),ปริญญาตรี (Bachelor's Degree),2.0,6.0,full-time,Web dev,Front-end developer,25-34 ปี,20 คนขึ้นไป แต่ไม่เกิน 100 คน (20 to 99 employees),280000
27,กรุงเทพมหานคร (Bangkok),ปริญญาตรี (Bachelor's Degree),1.5,2.0,full-time,Data,Data scientist or machine learning specialist,18-24 ปี,2 คนขึ้นไป แต่ไม่เกิน 20 คน (2 to 19 employees),216000
28,กรุงเทพมหานคร (Bangkok),ปริญญาตรี (Bachelor's Degree),0.5,0.5,full-time,Service,QA or test developer,18-24 ปี,"100 คนขึ้นไป แต่ไม่เกิน 1,000 คน (100 to 999 employees)",250000
29,เชียงใหม่ (Chiang Mai),ปริญญาตรี (Bachelor's Degree),3.0,0.0,full-time,Admin,System administrator,25-34 ปี,20 คนขึ้นไป แต่ไม่เกิน 100 คน (20 to 99 employees),244000
30,สมุทรปราการ (Samut Prakan),ปริญญาตรี (Bachelor's Degree),2.0,4.0,full-time,Web dev,"Back-end developer, Full-stack developer",18-24 ปี,"100 คนขึ้นไป แต่ไม่เกิน 1,000 คน (100 to 999 employees)",600000
31,นนทบุรี (Nonthaburi),ปริญญาตรี (Bachelor's Degree),1.0,5.0,full-time,Web dev,"Front-end developer, Desktop or enterprise applications developer, System administrator",18-24 ปี,"100 คนขึ้นไป แต่ไม่เกิน 1,000 คน (100 to 999 employees)",300000
32,ปทุมธานี (Pathum Thani),มัธยมศึกษาตอนปลาย (High School),3.0,4.0,freelance,Mobile dev,"DevOps specialist, Mobile developer, Game or graphics developer",18-24 ปี,มีคนเดียว ทำทุกตำแหน่ง (Freelancer/Just me),440000
33,กรุงเทพมหานคร (Bangkok),ปริญญาตรี (Bachelor's Degree),0.8,2.0,full-time,Bussiness,Data or business analyst,18-24 ปี,"100 คนขึ้นไป แต่ไม่เกิน 1,000 คน (100 to 999 employees)",540000
34,กรุงเทพมหานคร (Bangkok),ปริญญาตรี (Bachelor's Degree),2.0,5.0,full-time,Admin,System administrator,18-24 ปี,"1,000 คนขึ้นไป แต่ไม่เกิน 10,000 คน (1,000 to 9,999 employees)",360000
35,สงขลา (Songkla),ปริญญาโท (Master's Degree),1.0,3.0,full-time,Data,"Data scientist or machine learning specialist, Data or business analyst, Data engineer",25-34 ปี,2 คนขึ้นไป แต่ไม่เกิน 20 คน (2 to 19 employees),250000
36,กรุงเทพมหานคร (Bangkok),ปริญญาโท (Master's Degree),1.5,2.0,full-time,Web dev,"Back-end developer, Front-end developer, Full-stack developer",25-34 ปี,20 คนขึ้นไป แต่ไม่เกิน 100 คน (20 to 99 employees),600000
37,สงขลา (Songkla),ปริญญาตรี (Bachelor's Degree),3.0,3.0,full-time,Admin,"Full-stack developer, Database administrator, System administrator",25-34 ปี,มีคนเดียว ทำทุกตำแหน่ง (Freelancer/Just me),240000
38,เชียงใหม่ (Chiang Mai),ปริญญาโท (Master's Degree),14.0,14.0,full-time,Executive,"Academic researcher, Product manager, Senior Executive (C-Suite/VP/etc.)",45-54 ปี,"100 คนขึ้นไป แต่ไม่เกิน 1,000 คน (100 to 999 employees)",3800000
39,เชียงใหม่ (Chiang Mai),ปริญญาตรี (Bachelor's Degree),2.0,7.0,full-time,Web dev,"Back-end developer, Data scientist or machine learning specialist",18-24 ปี,2 คนขึ้นไป แต่ไม่เกิน 20 คน (2 to 19 employees),300000
40,กรุงเทพมหานคร (Bangkok),ปริญญาตรี (Bachelor's Degree),1.8,1.8,full-time,Bussiness,Data or business analyst,18-24 ปี,"100 คนขึ้นไป แต่ไม่เกิน 1,000 คน (100 to 999 employees)",384000
41,กรุงเทพมหานคร (Bangkok),ปริญญาตรี (Bachelor's Degree),2.3,4.0,full-time,Web dev,Full-stack developer,18-24 ปี,"1,000 คนขึ้นไป แต่ไม่เกิน 10,000 คน (1,000 to 9,999 employees)",28000
42,กรุงเทพมหานคร (Bangkok),ปริญญาตรี (Bachelor's Degree),2.0,6.0,full-time,Web dev,Full-stack developer,18-24 ปี,"10,000 คนขึ้นไป (10,000 or more employees)",401800
43,ปทุมธานี (Pathum Thani),ปริญญาโท (Master's Degree),0.8,0.0,full-time,Admin,"Database administrator, Data or business analyst",25-34 ปี,"100 คนขึ้นไป แต่ไม่เกิน 1,000 คน (100 to 999 employees)",276000
44,กรุงเทพมหานคร (Bangkok),ปริญญาตรี (Bachelor's Degree),6.0,6.0,full-time,Admin,"Database administrator, System administrator",25-34 ปี,2 คนขึ้นไป แต่ไม่เกิน 20 คน (2 to 19 employees),260000
45,กรุงเทพมหานคร (Bangkok),ปริญญาตรี (Bachelor's Degree),9.0,0.0,full-time,Manager,"Product manager, Marketing or sales professional",25-34 ปี,20 คนขึ้นไป แต่ไม่เกิน 100 คน (20 to 99 employees),1500000
46,กรุงเทพมหานคร (Bangkok),ปริญญาตรี (Bachelor's Degree),3.0,5.0,full-time,Bussiness,"Data or business analyst, Scientist",25-34 ปี,2 คนขึ้นไป แต่ไม่เกิน 20 คน (2 to 19 employees),480000
47,กรุงเทพมหานคร (Bangkok),ปริญญาตรี (Bachelor's Degree),2.8,4.0,full-time,Web dev,"Full-stack developer, DevOps specialist",18-24 ปี,"100 คนขึ้นไป แต่ไม่เกิน 1,000 คน (100 to 999 employees)",480000
48,กรุงเทพมหานคร (Bangkok),ปริญญาตรี (Bachelor's Degree),8.0,10.0,full-time,Web dev,"Back-end developer, Full-stack developer, Embedded applications or devices developer, Database administrator",25-34 ปี,20 คนขึ้นไป แต่ไม่เกิน 100 คน (20 to 99 employees),600000
49,ปทุมธานี (Pathum Thani),ปริญญาตรี (Bachelor's Degree),3.0,3.4,full-time,Web dev,Full-stack developer,25-34 ปี,20 คนขึ้นไป แต่ไม่เกิน 100 คน (20 to 99 employees),540000
50,กรุงเทพมหานคร (Bangkok),ปริญญาตรี (Bachelor's Degree),1.0,6.0,full-time,Game dev,Game or graphics developer,18-24 ปี,20 คนขึ้นไป แต่ไม่เกิน 100 คน (20 to 99 employees),264000
51,กรุงเทพมหานคร (Bangkok),ปริญญาตรี (Bachelor's Degree),2.0,12.0,full-time,Web dev,DevOps specialist,18-24 ปี,2 คนขึ้นไป แต่ไม่เกิน 20 คน (2 to 19 employees),840000
52,กรุงเทพมหานคร (Bangkok),ปริญญาตรี (Bachelor's Degree),3.0,3.0,full-time,Web dev,"Full-stack developer, Desktop or enterprise applications developer, Data or business analyst",25-34 ปี,"100 คนขึ้นไป แต่ไม่เกิน 1,000 คน (100 to 999 employees)",820000
53,กรุงเทพมหานคร (Bangkok),ปริญญาตรี (Bachelor's Degree),4.0,4.0,full-time,Mobile dev,Mobile developer,25-34 ปี,2 คนขึ้นไป แต่ไม่เกิน 20 คน (2 to 19 employees),720000
54,ปทุมธานี (Pathum Thani),ปริญญาตรี (Bachelor's Degree),2.0,6.0,full-time,Web dev,"Back-end developer, Front-end developer, Mobile developer",18-24 ปี,"100 คนขึ้นไป แต่ไม่เกิน 1,000 คน (100 to 999 employees)",336000
55,กรุงเทพมหานคร (Bangkok),ปริญญาตรี (Bachelor's Degree),2.0,3.0,full-time,Web dev,"Back-end developer, Full-stack developer",18-24 ปี,"100 คนขึ้นไป แต่ไม่เกิน 1,000 คน (100 to 999 employees)",696000
56,สมุทรปราการ (Samut Prakan),มัธยมศึกษาตอนปลาย (High School),10.0,10.0,full-time,Web dev,Full-stack developer,18-24 ปี,มีคนเดียว ทำทุกตำแหน่ง (Freelancer/Just me),300000
57,กรุงเทพมหานคร (Bangkok),ปริญญาตรี (Bachelor's Degree),6.0,12.0,full-time,Web dev,Back-end developer,25-34 ปี,"100 คนขึ้นไป แต่ไม่เกิน 1,000 คน (100 to 999 employees)",240000
58,ขอนแก่น (Khon Kaen),ปริญญาตรี (Bachelor's Degree),3.0,3.0,full-time,Web dev,"Back-end developer, Front-end developer, Full-stack developer",25-34 ปี,20 คนขึ้นไป แต่ไม่เกิน 100 คน (20 to 99 employees),300000
59,ปทุมธานี (Pathum Thani),ปริญญาตรี (Bachelor's Degree),1.0,4.0,full-time,Web dev,Front-end developer,18-24 ปี,"100 คนขึ้นไป แต่ไม่เกิน 1,000 คน (100 to 999 employees)",360000
60,ราชบุรี (Ratchaburi),ปวส. (High Vocational Certificate),5.0,2.0,part-time,Web dev,"Back-end developer, Front-end developer, Database administrator, QA or test developer, Data or business analyst, Designer, DevOps specialist, Product manager, Student, Marketing or sales professional",18-24 ปี,20 คนขึ้นไป แต่ไม่เกิน 100 คน (20 to 99 employees),120000
61,กรุงเทพมหานคร (Bangkok),ปริญญาตรี (Bachelor's Degree),3.0,3.0,full-time,Data,"Data scientist or machine learning specialist, Data engineer",25-34 ปี,"100 คนขึ้นไป แต่ไม่เกิน 1,000 คน (100 to 999 employees)",444000
62,กรุงเทพมหานคร (Bangkok),ปริญญาโท (Master's Degree),2.0,7.0,full-time,Web dev,Back-end developer,25-34 ปี,20 คนขึ้นไป แต่ไม่เกิน 100 คน (20 to 99 employees),828000
63,กรุงเทพมหานคร (Bangkok),ปริญญาตรี (Bachelor's Degree),2.0,2.0,full-time,Web dev,"Back-end developer, Front-end developer, Designer",25-34 ปี,20 คนขึ้นไป แต่ไม่เกิน 100 คน (20 to 99 employees),300000
64,กรุงเทพมหานคร (Bangkok),ปริญญาตรี (Bachelor's Degree),1.0,5.0,full-time,Web dev,"Back-end developer, Front-end developer",18-24 ปี,20 คนขึ้นไป แต่ไม่เกิน 100 คน (20 to 99 employees),540000
65,นนทบุรี (Nonthaburi),ปริญญาตรี (Bachelor's Degree),3.0,2.0,freelance,Web dev,"Back-end developer, Front-end developer, Data or business analyst",25-34 ปี,"100 คนขึ้นไป แต่ไม่เกิน 1,000 คน (100 to 999 employees)",360000
66,กรุงเทพมหานคร (Bangkok),ปริญญาตรี (Bachelor's Degree),1.0,13.0,full-time,Web dev,Front-end developer,25-34 ปี,"1,000 คนขึ้นไป แต่ไม่เกิน 10,000 คน (1,000 to 9,999 employees)",400000
67,กรุงเทพมหานคร (Bangkok),ปริญญาตรี (Bachelor's Degree),1.5,5.0,full-time,Web dev,Full-stack developer,25-34 ปี,"100 คนขึ้นไป แต่ไม่เกิน 1,000 คน (100 to 999 employees)",420000
68,กรุงเทพมหานคร (Bangkok),ปริญญาตรี (Bachelor's Degree),1.0,1.1,full-time,Web dev,"Front-end developer, Mobile developer",18-24 ปี,20 คนขึ้นไป แต่ไม่เกิน 100 คน (20 to 99 employees),336000
69,กรุงเทพมหานคร (Bangkok),ปริญญาตรี (Bachelor's Degree),0.0,0.0,full-time,Data,Data engineer,18-24 ปี,"100 คนขึ้นไป แต่ไม่เกิน 1,000 คน (100 to 999 employees)",330000
70,กรุงเทพมหานคร (Bangkok),ปริญญาตรี (Bachelor's Degree),6.0,10.0,full-time,Web dev,"Back-end developer, Front-end developer, Full-stack developer",25-34 ปี,"10,000 คนขึ้นไป (10,000 or more employees)",720000
71,กรุงเทพมหานคร (Bangkok),ปริญญาตรี (Bachelor's Degree),2.0,2.0,full-time,Web dev,"Back-end developer, Front-end developer, Full-stack developer",25-34 ปี,20 คนขึ้นไป แต่ไม่เกิน 100 คน (20 to 99 employees),324000
72,กรุงเทพมหานคร (Bangkok),ปริญญาตรี (Bachelor's Degree),1.0,5.0,full-time,Mobile dev,Mobile developer,18-24 ปี,"1,000 คนขึ้นไป แต่ไม่เกิน 10,000 คน (1,000 to 9,999 employees)",600000
73,กรุงเทพมหานคร (Bangkok),ปริญญาตรี (Bachelor's Degree),2.0,4.0,full-time,Web dev,"Back-end developer, Full-stack developer, Student",18-24 ปี,"100 คนขึ้นไป แต่ไม่เกิน 1,000 คน (100 to 999 employees)",720000
74,กรุงเทพมหานคร (Bangkok),ปริญญาตรี (Bachelor's Degree),4.0,12.0,full-time,Web dev,Back-end developer,25-34 ปี,"1,000 คนขึ้นไป แต่ไม่เกิน 10,000 คน (1,000 to 9,999 employees)",1800000
75,กรุงเทพมหานคร (Bangkok),ปริญญาตรี (Bachelor's Degree),10.0,10.0,full-time,Web dev,"Back-end developer, DevOps specialist",25-34 ปี,"100 คนขึ้นไป แต่ไม่เกิน 1,000 คน (100 to 999 employees)",1080000
76,กรุงเทพมหานคร (Bangkok),ปริญญาตรี (Bachelor's Degree),2.0,5.0,full-time,Mobile dev,"Front-end developer, Full-stack developer, Embedded applications or devices developer, Data scientist or machine learning specialist, Database administrator, QA or test developer, Designer, Engineering manager, Data engineer, Academic researcher, Educator, Mobile developer, Student",25-34 ปี,2 คนขึ้นไป แต่ไม่เกิน 20 คน (2 to 19 employees),420000
77,นนทบุรี (Nonthaburi),ปริญญาตรี (Bachelor's Degree),2.0,4.0,part-time,Web dev,Student,18-24 ปี,มีคนเดียว ทำทุกตำแหน่ง (Freelancer/Just me),720000
78,กรุงเทพมหานคร (Bangkok),ปริญญาตรี (Bachelor's Degree),5.0,5.0,full-time,Web dev,"Back-end developer, Front-end developer, Full-stack developer",25-34 ปี,"1,000 คนขึ้นไป แต่ไม่เกิน 10,000 คน (1,000 to 9,999 employees)",576000
79,ปทุมธานี (Pathum Thani),ปริญญาตรี (Bachelor's Degree),3.0,9.0,full-time,Web dev,Full-stack developer,25-34 ปี,2 คนขึ้นไป แต่ไม่เกิน 20 คน (2 to 19 employees),312000
80,กรุงเทพมหานคร (Bangkok),ปริญญาตรี (Bachelor's Degree),3.0,3.0,full-time,Web dev,Full-stack developer,25-34 ปี,"100 คนขึ้นไป แต่ไม่เกิน 1,000 คน (100 to 999 employees)",480000
81,กรุงเทพมหานคร (Bangkok),ปริญญาตรี (Bachelor's Degree),3.0,7.0,full-time,Web dev,Full-stack developer,18-24 ปี,"100 คนขึ้นไป แต่ไม่เกิน 1,000 คน (100 to 999 employees)",720000
82,กรุงเทพมหานคร (Bangkok),ปริญญาโท (Master's Degree),7.0,12.0,full-time,Web dev,"Back-end developer, Database administrator, Engineering manager, Academic researcher, System administrator, Student",25-34 ปี,20 คนขึ้นไป แต่ไม่เกิน 100 คน (20 to 99 employees),840000
83,กรุงเทพมหานคร (Bangkok),ปริญญาตรี (Bachelor's Degree),2.0,1.0,full-time,Mobile dev,"Front-end developer, Mobile developer",25-34 ปี,20 คนขึ้นไป แต่ไม่เกิน 100 คน (20 to 99 employees),276000
84,กรุงเทพมหานคร (Bangkok),ปริญญาตรี (Bachelor's Degree),0.1,2.0,full-time,Web dev,"Back-end developer, Data scientist or machine learning specialist",18-24 ปี,20 คนขึ้นไป แต่ไม่เกิน 100 คน (20 to 99 employees),300000
85,กรุงเทพมหานคร (Bangkok),ปริญญาตรี (Bachelor's Degree),2.0,4.0,full-time,Admin,System administrator,25-34 ปี,"100 คนขึ้นไป แต่ไม่เกิน 1,000 คน (100 to 999 employees)",300000
86,กรุงเทพมหานคร (Bangkok),ปริญญาโท (Master's Degree),6.0,1.0,full-time,Web dev,"Front-end developer, Designer",25-34 ปี,"10,000 คนขึ้นไป (10,000 or more employees)",444000
87,กรุงเทพมหานคร (Bangkok),ปริญญาตรี (Bachelor's Degree),3.0,1.6,full-time,Web dev,Full-stack developer,18-24 ปี,"100 คนขึ้นไป แต่ไม่เกิน 1,000 คน (100 to 999 employees)",396000
88,กรุงเทพมหานคร (Bangkok),มัธยมศึกษาตอนปลาย (High School),1.2,4.0,full-time,Web dev,Full-stack developer,18-24 ปี,2 คนขึ้นไป แต่ไม่เกิน 20 คน (2 to 19 employees),240000
89,เชียงใหม่ (Chiang Mai),ปริญญาตรี (Bachelor's Degree),0.0,4.0,freelance,Web dev,"Front-end developer, Student",18-24 ปี,2 คนขึ้นไป แต่ไม่เกิน 20 คน (2 to 19 employees),480000
90,กรุงเทพมหานคร (Bangkok),ปริญญาตรี (Bachelor's Degree),1.0,3.0,part-time,Web dev,"Back-end developer, Front-end developer, Full-stack developer, Student",18-24 ปี,20 คนขึ้นไป แต่ไม่เกิน 100 คน (20 to 99 employees),320000
91,กรุงเทพมหานคร (Bangkok),ปริญญาตรี (Bachelor's Degree),5.0,6.0,full-time,Web dev,"Back-end developer, Front-end developer, Full-stack developer",25-34 ปี,2 คนขึ้นไป แต่ไม่เกิน 20 คน (2 to 19 employees),468000
92,กรุงเทพมหานคร (Bangkok),ปริญญาตรี (Bachelor's Degree),3.0,1.0,full-time,Web dev,"Front-end developer, Full-stack developer",18-24 ปี,20 คนขึ้นไป แต่ไม่เกิน 100 คน (20 to 99 employees),300000
93,กรุงเทพมหานคร (Bangkok),ปริญญาตรี (Bachelor's Degree),9.0,9.0,full-time,Desktop dev,"Back-end developer, Desktop or enterprise applications developer, Data or business analyst, DevOps specialist",25-34 ปี,"1,000 คนขึ้นไป แต่ไม่เกิน 10,000 คน (1,000 to 9,999 employees)",1600000
94,กรุงเทพมหานคร (Bangkok),ปริญญาตรี (Bachelor's Degree),1.0,4.0,full-time,Mobile dev,"Front-end developer, Mobile developer",18-24 ปี,"100 คนขึ้นไป แต่ไม่เกิน 1,000 คน (100 to 999 employees)",468000
95,นครปฐม (Nakhon Pathom),ปริญญาเอก (Doctoral Degree or PhD),12.0,12.0,full-time,Web dev,"Back-end developer, Front-end developer, Full-stack developer, Data scientist or machine learning specialist",25-34 ปี,มีคนเดียว ทำทุกตำแหน่ง (Freelancer/Just me),500000
96,กรุงเทพมหานคร (Bangkok),มัธยมศึกษาตอนต้น (Middle School),0.4,1.5,full-time,Web dev,"Full-stack developer, Database administrator, Mobile developer",18-24 ปี,20 คนขึ้นไป แต่ไม่เกิน 100 คน (20 to 99 employees),190000
97,กรุงเทพมหานคร (Bangkok),ปริญญาตรี (Bachelor's Degree),5.0,2.0,full-time,Admin,"Database administrator, Engineering manager, System administrator, DevOps specialist",25-34 ปี,"100 คนขึ้นไป แต่ไม่เกิน 1,000 คน (100 to 999 employees)",420000
98,กรุงเทพมหานคร (Bangkok),ปริญญาตรี (Bachelor's Degree),1.0,4.0,full-time,Service,"QA or test developer, Student",18-24 ปี,"100 คนขึ้นไป แต่ไม่เกิน 1,000 คน (100 to 999 employees)",216000
99,กรุงเทพมหานคร (Bangkok),ปริญญาตรี (Bachelor's Degree),3.0,10.0,full-time,Web dev,"Back-end developer, DevOps specialist",25-34 ปี,20 คนขึ้นไป แต่ไม่เกิน 100 คน (20 to 99 employees),504000
100,สมุทรปราการ (Samut Prakan),ปริญญาตรี (Bachelor's Degree),1.0,3.0,part-time,Web dev,Front-end developer,25-34 ปี,2 คนขึ้นไป แต่ไม่เกิน 20 คน (2 to 19 employees),220000
101,ชลบุรี (Chonburi),ปวส. (High Vocational Certificate),7.0,3.0,full-time,Web dev,"Back-end developer, Front-end developer, Full-stack developer",25-34 ปี,20 คนขึ้นไป แต่ไม่เกิน 100 คน (20 to 99 employees),200000
102,กรุงเทพมหานคร (Bangkok),ปวส. (High Vocational Certificate),1.11,2.0,full-time,Web dev,Full-stack developer,18-24 ปี,2 คนขึ้นไป แต่ไม่เกิน 20 คน (2 to 19 employees),330000
103,นนทบุรี (Nonthaburi),ปริญญาตรี (Bachelor's Degree),1.0,5.0,full-time,Data,Data scientist or machine learning specialist,18-24 ปี,"1,000 คนขึ้นไป แต่ไม่เกิน 10,000 คน (1,000 to 9,999 employees)",360000
104,กรุงเทพมหานคร (Bangkok),ปริญญาตรี (Bachelor's Degree),2.8,2.8,full-time,Web dev,"Back-end developer, Database administrator, Data engineer, DevOps specialist",25-34 ปี,"100 คนขึ้นไป แต่ไม่เกิน 1,000 คน (100 to 999 employees)",500000
105,กรุงเทพมหานคร (Bangkok),ปริญญาตรี (Bachelor's Degree),7.0,8.0,full-time,Mobile dev,"Back-end developer, Mobile developer",25-34 ปี,"1,000 คนขึ้นไป แต่ไม่เกิน 10,000 คน (1,000 to 9,999 employees)",800000
106,กรุงเทพมหานคร (Bangkok),ปริญญาตรี (Bachelor's Degree),0.0,4.0,full-time,Web dev,Back-end developer,18-24 ปี,"10,000 คนขึ้นไป (10,000 or more employees)",240000
107,กรุงเทพมหานคร (Bangkok),ปริญญาตรี (Bachelor's Degree),7.0,4.0,full-time,Data,Data engineer,25-34 ปี,"1,000 คนขึ้นไป แต่ไม่เกิน 10,000 คน (1,000 to 9,999 employees)",756000
108,กรุงเทพมหานคร (Bangkok),ปริญญาตรี (Bachelor's Degree),3.0,5.0,full-time,Engineer,"Database administrator, System administrator, DevOps specialist, Site reliability engineer",25-34 ปี,"100 คนขึ้นไป แต่ไม่เกิน 1,000 คน (100 to 999 employees)",768000
109,กรุงเทพมหานคร (Bangkok),ปริญญาตรี (Bachelor's Degree),3.0,7.0,full-time,Web dev,"Back-end developer, Front-end developer, Full-stack developer",25-34 ปี,20 คนขึ้นไป แต่ไม่เกิน 100 คน (20 to 99 employees),578400
110,กรุงเทพมหานคร (Bangkok),ปริญญาตรี (Bachelor's Degree),4.0,10.0,full-time,Mobile dev,"Back-end developer, Front-end developer, Full-stack developer, Desktop or enterprise applications developer, Mobile developer",25-34 ปี,2 คนขึ้นไป แต่ไม่เกิน 20 คน (2 to 19 employees),660000
111,กรุงเทพมหานคร (Bangkok),ปริญญาตรี (Bachelor's Degree),3.0,2.0,full-time,Web dev,"Back-end developer, Database administrator",25-34 ปี,"100 คนขึ้นไป แต่ไม่เกิน 1,000 คน (100 to 999 employees)",250000
112,กรุงเทพมหานคร (Bangkok),ปริญญาตรี (Bachelor's Degree),1.0,5.0,full-time,Embled dev,"Embedded applications or devices developer, Desktop or enterprise applications developer",18-24 ปี,"100 คนขึ้นไป แต่ไม่เกิน 1,000 คน (100 to 999 employees)",276000
113,กรุงเทพมหานคร (Bangkok),ปริญญาตรี (Bachelor's Degree),1.5,6.0,full-time,Data,"Back-end developer, Data engineer",18-24 ปี,"10,000 คนขึ้นไป (10,000 or more employees)",700000
114,กรุงเทพมหานคร (Bangkok),ปริญญาตรี (Bachelor's Degree),2.0,2.0,full-time,Bussiness,Data or business analyst,25-34 ปี,2 คนขึ้นไป แต่ไม่เกิน 20 คน (2 to 19 employees),300000
115,กรุงเทพมหานคร (Bangkok),ปริญญาโท (Master's Degree),3.0,8.0,full-time,Data,Data scientist or machine learning specialist,18-24 ปี,"100 คนขึ้นไป แต่ไม่เกิน 1,000 คน (100 to 999 employees)",600000
116,กรุงเทพมหานคร (Bangkok),ปริญญาตรี (Bachelor's Degree),4.0,4.0,full-time,Web dev,"Back-end developer, Front-end developer, Full-stack developer",25-34 ปี,"1,000 คนขึ้นไป แต่ไม่เกิน 10,000 คน (1,000 to 9,999 employees)",612000
117,กรุงเทพมหานคร (Bangkok),ปริญญาตรี (Bachelor's Degree),3.0,3.0,full-time,Mobile dev,"Back-end developer, Front-end developer, Full-stack developer, Database administrator, Mobile developer, Game or graphics developer",25-34 ปี,20 คนขึ้นไป แต่ไม่เกิน 100 คน (20 to 99 employees),324000
118,กรุงเทพมหานคร (Bangkok),ปริญญาโท (Master's Degree),5.0,3.0,full-time,Data,"Data scientist or machine learning specialist, Data or business analyst, Designer, Scientist",25-34 ปี,"100 คนขึ้นไป แต่ไม่เกิน 1,000 คน (100 to 999 employees)",624000
119,กรุงเทพมหานคร (Bangkok),ปริญญาตรี (Bachelor's Degree),2.0,2.0,full-time,Web dev,"Back-end developer, Data scientist or machine learning specialist",25-34 ปี,"100 คนขึ้นไป แต่ไม่เกิน 1,000 คน (100 to 999 employees)",336000
120,กรุงเทพมหานคร (Bangkok),ปริญญาตรี (Bachelor's Degree),3.0,3.0,full-time,Web dev,"Back-end developer, Front-end developer",25-34 ปี,"1,000 คนขึ้นไป แต่ไม่เกิน 10,000 คน (1,000 to 9,999 employees)",360000
121,กรุงเทพมหานคร (Bangkok),ปริญญาตรี (Bachelor's Degree),1.0,2.0,full-time,Web dev,Full-stack developer,25-34 ปี,"100 คนขึ้นไป แต่ไม่เกิน 1,000 คน (100 to 999 employees)",360000
122,กรุงเทพมหานคร (Bangkok),ปริญญาตรี (Bachelor's Degree),4.0,4.0,full-time,Web dev,Front-end developer,25-34 ปี,20 คนขึ้นไป แต่ไม่เกิน 100 คน (20 to 99 employees),653280
123,กรุงเทพมหานคร (Bangkok),ปริญญาตรี (Bachelor's Degree),1.0,2.0,part-time,Data,"Back-end developer, Data engineer, Scientist",18-24 ปี,20 คนขึ้นไป แต่ไม่เกิน 100 คน (20 to 99 employees),360000
124,กรุงเทพมหานคร (Bangkok),ปริญญาตรี (Bachelor's Degree),1.2,4.0,full-time,Web dev,Full-stack developer,18-24 ปี,2 คนขึ้นไป แต่ไม่เกิน 20 คน (2 to 19 employees),300000
125,กรุงเทพมหานคร (Bangkok),ปริญญาโท (Master's Degree),11.0,6.0,full-time,Manager,"Back-end developer, Engineering manager, Product manager",25-34 ปี,"100 คนขึ้นไป แต่ไม่เกิน 1,000 คน (100 to 999 employees)",1137936
126,นนทบุรี (Nonthaburi),ปริญญาตรี (Bachelor's Degree),1.6,3.0,full-time,Web dev,"Full-stack developer, #Consultant",25-34 ปี,20 คนขึ้นไป แต่ไม่เกิน 100 คน (20 to 99 employees),200000
127,กรุงเทพมหานคร (Bangkok),ปริญญาตรี (Bachelor's Degree),3.0,6.0,full-time,Web dev,"Back-end developer, Front-end developer, Full-stack developer, Data scientist or machine learning specialist, Designer, Data engineer, DevOps specialist, #Cloud Engineer, #UX/UI Developer, #Web Developer",18-24 ปี,20 คนขึ้นไป แต่ไม่เกิน 100 คน (20 to 99 employees),600000
128,กรุงเทพมหานคร (Bangkok),ปริญญาตรี (Bachelor's Degree),6.0,6.0,freelance,Engineer,"Back-end developer, Front-end developer, Full-stack developer, Embedded applications or devices developer, Database administrator, Designer, Engineering manager, System administrator, DevOps specialist, Site reliability engineer",25-34 ปี,2 คนขึ้นไป แต่ไม่เกิน 20 คน (2 to 19 employees),780000
129,กรุงเทพมหานคร (Bangkok),ปริญญาตรี (Bachelor's Degree),3.1,10.0,full-time,Web dev,Full-stack developer,25-34 ปี,"1,000 คนขึ้นไป แต่ไม่เกิน 10,000 คน (1,000 to 9,999 employees)",1440000
130,กรุงเทพมหานคร (Bangkok),ปริญญาตรี (Bachelor's Degree),17.0,17.0,full-time,Web dev,"Back-end developer, Front-end developer, DevOps specialist, Product manager, #Web Developer",35-44 ปี,"1,000 คนขึ้นไป แต่ไม่เกิน 10,000 คน (1,000 to 9,999 employees)",720000
131,กรุงเทพมหานคร (Bangkok),ปริญญาตรี (Bachelor's Degree),5.0,8.0,full-time,Mobile dev,"Back-end developer, Front-end developer, Full-stack developer, Mobile developer",25-34 ปี,"100 คนขึ้นไป แต่ไม่เกิน 1,000 คน (100 to 999 employees)",900000
132,กรุงเทพมหานคร (Bangkok),ปริญญาตรี (Bachelor's Degree),3.0,3.0,full-time,Web dev,Back-end developer,25-34 ปี,"1,000 คนขึ้นไป แต่ไม่เกิน 10,000 คน (1,000 to 9,999 employees)",500000
133,กรุงเทพมหานคร (Bangkok),ปริญญาตรี (Bachelor's Degree),5.0,5.0,full-time,Web dev,"Back-end developer, Front-end developer, Full-stack developer",25-34 ปี,"1,000 คนขึ้นไป แต่ไม่เกิน 10,000 คน (1,000 to 9,999 employees)",540000
134,กรุงเทพมหานคร (Bangkok),ปริญญาตรี (Bachelor's Degree),0.33,4.0,full-time,Web dev,"Back-end developer, Full-stack developer",25-34 ปี,2 คนขึ้นไป แต่ไม่เกิน 20 คน (2 to 19 employees),350000
135,กรุงเทพมหานคร (Bangkok),ปริญญาตรี (Bachelor's Degree),1.0,10.0,full-time,Security,"#IT Security, Penetration tester",18-24 ปี,"10,000 คนขึ้นไป (10,000 or more employees)",480000
136,กรุงเทพมหานคร (Bangkok),ปริญญาตรี (Bachelor's Degree),0.33,5.0,full-time,Web dev,Front-end developer,18-24 ปี,2 คนขึ้นไป แต่ไม่เกิน 20 คน (2 to 19 employees),336000
137,กรุงเทพมหานคร (Bangkok),ปริญญาตรี (Bachelor's Degree),5.0,5.0,full-time,Web dev,"Back-end developer, Full-stack developer",25-34 ปี,"10,000 คนขึ้นไป (10,000 or more employees)",876000
138,กรุงเทพมหานคร (Bangkok),ปริญญาตรี (Bachelor's Degree),4.0,5.0,full-time,Web dev,"Back-end developer, Full-stack developer, Desktop or enterprise applications developer, Database administrator, DevOps specialist, #Cloud Engineer, #Web Developer",25-34 ปี,20 คนขึ้นไป แต่ไม่เกิน 100 คน (20 to 99 employees),720000
139,กรุงเทพมหานคร (Bangkok),ปริญญาตรี (Bachelor's Degree),5.0,6.0,full-time,Web dev,"Back-end developer, Full-stack developer",25-34 ปี,"100 คนขึ้นไป แต่ไม่เกิน 1,000 คน (100 to 999 employees)",600000
140,กรุงเทพมหานคร (Bangkok),ปริญญาตรี (Bachelor's Degree),0.0,0.0,full-time,Web dev,"Student, #Web Developer",18-24 ปี,20 คนขึ้นไป แต่ไม่เกิน 100 คน (20 to 99 employees),420000
141,กรุงเทพมหานคร (Bangkok),ปริญญาตรี (Bachelor's Degree),8.0,9.0,full-time,Web dev,Full-stack developer,25-34 ปี,20 คนขึ้นไป แต่ไม่เกิน 100 คน (20 to 99 employees),1200000
142,กรุงเทพมหานคร (Bangkok),ปริญญาตรี (Bachelor's Degree),1.0,4.0,full-time,Data,"Data scientist or machine learning specialist, Mobile developer",18-24 ปี,"1,000 คนขึ้นไป แต่ไม่เกิน 10,000 คน (1,000 to 9,999 employees)",360000
143,นนทบุรี (Nonthaburi),ปริญญาตรี (Bachelor's Degree),0.6,5.0,full-time,Desktop dev,"Back-end developer, Desktop or enterprise applications developer",18-24 ปี,"100 คนขึ้นไป แต่ไม่เกิน 1,000 คน (100 to 999 employees)",276000
144,กรุงเทพมหานคร (Bangkok),ปริญญาตรี (Bachelor's Degree),0.9,4.0,full-time,Web dev,Front-end developer,18-24 ปี,"1,000 คนขึ้นไป แต่ไม่เกิน 10,000 คน (1,000 to 9,999 employees)",900000
145,เชียงใหม่ (Chiang Mai),ปริญญาตรี (Bachelor's Degree),1.9,8.0,full-time,Web dev,"Front-end developer, Mobile developer, Student, #Web Developer",25-34 ปี,20 คนขึ้นไป แต่ไม่เกิน 100 คน (20 to 99 employees),252000
146,กรุงเทพมหานคร (Bangkok),ปริญญาตรี (Bachelor's Degree),5.0,5.0,full-time,Mobile dev,"Back-end developer, Front-end developer, Full-stack developer, Mobile developer",25-34 ปี,"100 คนขึ้นไป แต่ไม่เกิน 1,000 คน (100 to 999 employees)",900000
147,กรุงเทพมหานคร (Bangkok),ปริญญาตรี (Bachelor's Degree),3.0,8.0,full-time,Bussiness,Data or business analyst,25-34 ปี,"1,000 คนขึ้นไป แต่ไม่เกิน 10,000 คน (1,000 to 9,999 employees)",1000000
148,กรุงเทพมหานคร (Bangkok),ปริญญาตรี (Bachelor's Degree),7.0,7.0,full-time,Manager,"Full-stack developer, Data engineer, DevOps specialist, Product manager, #Manager",25-34 ปี,"100 คนขึ้นไป แต่ไม่เกิน 1,000 คน (100 to 999 employees)",1440000
149,กรุงเทพมหานคร (Bangkok),ปริญญาตรี (Bachelor's Degree),4.0,4.0,full-time,Web dev,"Front-end developer, Full-stack developer, #Web Developer",25-34 ปี,"10,000 คนขึ้นไป (10,000 or more employees)",800000
150,กรุงเทพมหานคร (Bangkok),ปริญญาตรี (Bachelor's Degree),1.0,1.0,full-time,Data,"Data or business analyst, Data engineer",18-24 ปี,20 คนขึ้นไป แต่ไม่เกิน 100 คน (20 to 99 employees),600000
151,กรุงเทพมหานคร (Bangkok),ปริญญาตรี (Bachelor's Degree),5.0,3.0,full-time,Engineer,"Full-stack developer, DevOps specialist, #Cloud Engineer, #Consultant",25-34 ปี,"10,000 คนขึ้นไป (10,000 or more employees)",910000
152,ปัตตานี (Pattani),ปริญญาเอก (Doctoral Degree or PhD),27.0,35.0,full-time,Academic,"Scientist, Academic researcher, Educator",45-54 ปี,"100 คนขึ้นไป แต่ไม่เกิน 1,000 คน (100 to 999 employees)",556000
153,นนทบุรี (Nonthaburi),ปริญญาตรี (Bachelor's Degree),6.0,6.0,full-time,Web dev,Full-stack developer,25-34 ปี,20 คนขึ้นไป แต่ไม่เกิน 100 คน (20 to 99 employees),500000
154,กรุงเทพมหานคร (Bangkok),ปริญญาตรี (Bachelor's Degree),2.0,6.0,full-time,Web dev,"Back-end developer, Data engineer",18-24 ปี,"1,000 คนขึ้นไป แต่ไม่เกิน 10,000 คน (1,000 to 9,999 employees)",396000
155,กรุงเทพมหานคร (Bangkok),ปริญญาตรี (Bachelor's Degree),2.0,2.0,full-time,Web dev,Full-stack developer,25-34 ปี,"1,000 คนขึ้นไป แต่ไม่เกิน 10,000 คน (1,000 to 9,999 employees)",250000
156,กรุงเทพมหานคร (Bangkok),ปริญญาตรี (Bachelor's Degree),2.0,0.0,full-time,Engineer,Telecom engineer,25-34 ปี,"100 คนขึ้นไป แต่ไม่เกิน 1,000 คน (100 to 999 employees)",340000
157,กรุงเทพมหานคร (Bangkok),ปริญญาตรี (Bachelor's Degree),4.0,3.0,full-time,Bussiness,"Data or business analyst, #Consultant",25-34 ปี,"1,000 คนขึ้นไป แต่ไม่เกิน 10,000 คน (1,000 to 9,999 employees)",900000
158,กรุงเทพมหานคร (Bangkok),ปริญญาตรี (Bachelor's Degree),5.0,3.0,full-time,Web dev,"Back-end developer, Front-end developer, Full-stack developer, Desktop or enterprise applications developer, Student, #IT Support, #Web Developer",18-24 ปี,"1,000 คนขึ้นไป แต่ไม่เกิน 10,000 คน (1,000 to 9,999 employees)",180000
159,กรุงเทพมหานคร (Bangkok),ปริญญาตรี (Bachelor's Degree),10.0,0.0,full-time,Network,"Engineering manager, #Cloud Engineer, #IT Security, #Network Engineer, #Manager, #Security Engineer",25-34 ปี,"1,000 คนขึ้นไป แต่ไม่เกิน 10,000 คน (1,000 to 9,999 employees)",1500000
160,กรุงเทพมหานคร (Bangkok),ปริญญาตรี (Bachelor's Degree),1.0,1.0,full-time,Data,"Data engineer, Business Intelligence",18-24 ปี,"1,000 คนขึ้นไป แต่ไม่เกิน 10,000 คน (1,000 to 9,999 employees)",480000
161,กรุงเทพมหานคร (Bangkok),ปริญญาตรี (Bachelor's Degree),6.0,6.0,full-time,Web dev,"Back-end developer, Front-end developer, Full-stack developer",25-34 ปี,20 คนขึ้นไป แต่ไม่เกิน 100 คน (20 to 99 employees),1008000
162,กรุงเทพมหานคร (Bangkok),ปริญญาตรี (Bachelor's Degree),6.0,0.0,full-time,Art,UI/UX Designer,25-34 ปี,20 คนขึ้นไป แต่ไม่เกิน 100 คน (20 to 99 employees),624000
163,มหาสารคาม (Maha Sarakham),ปริญญาโท (Master's Degree),18.0,8.0,full-time,Security,"Full-stack developer, Database administrator, Educator, Mobile developer, #IT Support, #IT Security, #Network Engineer",35-44 ปี,2 คนขึ้นไป แต่ไม่เกิน 20 คน (2 to 19 employees),2000000
164,กรุงเทพมหานคร (Bangkok),ปริญญาตรี (Bachelor's Degree),5.0,10.0,full-time,Web dev,"Back-end developer, QA or test developer",25-34 ปี,"100 คนขึ้นไป แต่ไม่เกิน 1,000 คน (100 to 999 employees)",900000
165,กรุงเทพมหานคร (Bangkok),ปริญญาตรี (Bachelor's Degree),0.5,4.0,full-time,Web dev,Front-end developer,18-24 ปี,"10,000 คนขึ้นไป (10,000 or more employees)",520000
166,กรุงเทพมหานคร (Bangkok),ปวส. (High Vocational Certificate),3.0,3.0,freelance,Admin,"Database administrator, Student",18-24 ปี,มีคนเดียว ทำทุกตำแหน่ง (Freelancer/Just me),120000
167,กรุงเทพมหานคร (Bangkok),ปริญญาตรี (Bachelor's Degree),3.0,3.0,full-time,Mobile dev,"Back-end developer, Front-end developer, Full-stack developer, DevOps specialist, Mobile developer",25-34 ปี,2 คนขึ้นไป แต่ไม่เกิน 20 คน (2 to 19 employees),480000
168,กรุงเทพมหานคร (Bangkok),ปริญญาตรี (Bachelor's Degree),1.3,6.0,full-time,Web dev,"Back-end developer, Front-end developer, Full-stack developer, QA or test developer",18-24 ปี,2 คนขึ้นไป แต่ไม่เกิน 20 คน (2 to 19 employees),360000
169,จันทบุรี (Chanthaburi),มัธยมศึกษาตอนปลาย (High School),15.0,3.0,full-time,Mobile dev,"Full-stack developer, Database administrator, QA or test developer, System administrator, Mobile developer, #IT Support",35-44 ปี,2 คนขึ้นไป แต่ไม่เกิน 20 คน (2 to 19 employees),240000
170,เชียงใหม่ (Chiang Mai),ปริญญาตรี (Bachelor's Degree),0.5,4.0,part-time,Web dev,"Back-end developer, Front-end developer, Full-stack developer, Database administrator, Student, #IT Support, #Network Engineer, #UX/UI Developer, #Web Developer",18-24 ปี,2 คนขึ้นไป แต่ไม่เกิน 20 คน (2 to 19 employees),110000
171,กรุงเทพมหานคร (Bangkok),ปริญญาตรี (Bachelor's Degree),9.0,9.0,full-time,Executive,"Back-end developer, Front-end developer, Full-stack developer, Desktop or enterprise applications developer, Database administrator, QA or test developer, Designer, Site reliability engineer, Product manager, Senior Executive (C-Suite/VP/etc.), Mobile developer, #IT Support, #Manager, #Human Resource",35-44 ปี,2 คนขึ้นไป แต่ไม่เกิน 20 คน (2 to 19 employees),480000
172,กรุงเทพมหานคร (Bangkok),ปริญญาตรี (Bachelor's Degree),12.0,12.0,full-time,Web dev,"Front-end developer, Full-stack developer",35-44 ปี,"100 คนขึ้นไป แต่ไม่เกิน 1,000 คน (100 to 999 employees)",1560000
173,กรุงเทพมหานคร (Bangkok),ปริญญาตรี (Bachelor's Degree),4.0,4.0,part-time,Web dev,Back-end developer,25-34 ปี,"1,000 คนขึ้นไป แต่ไม่เกิน 10,000 คน (1,000 to 9,999 employees)",840000
174,ชลบุรี (Chonburi),ปวส. (High Vocational Certificate),2.0,0.0,full-time,Service,"System administrator, #IT Support, #IT Security, #Network Engineer",25-34 ปี,"100 คนขึ้นไป แต่ไม่เกิน 1,000 คน (100 to 999 employees)",200000
175,กรุงเทพมหานคร (Bangkok),ปริญญาตรี (Bachelor's Degree),1.0,1.0,full-time,Desktop dev,Desktop or enterprise applications developer,25-34 ปี,"100 คนขึ้นไป แต่ไม่เกิน 1,000 คน (100 to 999 employees)",400000
176,กรุงเทพมหานคร (Bangkok),ปริญญาตรี (Bachelor's Degree),3.0,3.0,full-time,Data,"Data scientist or machine learning specialist, Data or business analyst, Student",18-24 ปี,20 คนขึ้นไป แต่ไม่เกิน 100 คน (20 to 99 employees),360000
177,กรุงเทพมหานคร (Bangkok),ปริญญาตรี (Bachelor's Degree),0.0,4.0,full-time,Web dev,Full-stack developer,18-24 ปี,20 คนขึ้นไป แต่ไม่เกิน 100 คน (20 to 99 employees),300000
178,กรุงเทพมหานคร (Bangkok),ปริญญาตรี (Bachelor's Degree),3.0,7.0,full-time,Web dev,"Front-end developer, Full-stack developer",25-34 ปี,"100 คนขึ้นไป แต่ไม่เกิน 1,000 คน (100 to 999 employees)",800000
179,กรุงเทพมหานคร (Bangkok),ปริญญาตรี (Bachelor's Degree),6.0,6.0,full-time,Web dev,"Back-end developer, Front-end developer, Full-stack developer, Designer",25-34 ปี,"100 คนขึ้นไป แต่ไม่เกิน 1,000 คน (100 to 999 employees)",780000
180,กรุงเทพมหานคร (Bangkok),ปริญญาตรี (Bachelor's Degree),0.75,2.0,full-time,Web dev,"Data or business analyst, Student, #UX/UI Developer",18-24 ปี,"1,000 คนขึ้นไป แต่ไม่เกิน 10,000 คน (1,000 to 9,999 employees)",289250
181,กรุงเทพมหานคร (Bangkok),ปริญญาตรี (Bachelor's Degree),1.0,7.0,full-time,Web dev,Full-stack developer,18-24 ปี,"100 คนขึ้นไป แต่ไม่เกิน 1,000 คน (100 to 999 employees)",480000
182,กรุงเทพมหานคร (Bangkok),ปริญญาตรี (Bachelor's Degree),11.0,11.0,full-time,Web dev,"Back-end developer, #Manager",35-44 ปี,"100 คนขึ้นไป แต่ไม่เกิน 1,000 คน (100 to 999 employees)",1200000
183,กรุงเทพมหานคร (Bangkok),ปริญญาตรี (Bachelor's Degree),4.0,4.0,full-time,Web dev,"Back-end developer, Front-end developer, Full-stack developer",25-34 ปี,"10,000 คนขึ้นไป (10,000 or more employees)",240000
184,กรุงเทพมหานคร (Bangkok),ปริญญาตรี (Bachelor's Degree),1.0,1.2,full-time,Web dev,"Back-end developer, Full-stack developer, Data or business analyst, DevOps specialist, #Cloud Engineer",25-34 ปี,"10,000 คนขึ้นไป (10,000 or more employees)",734500
185,กรุงเทพมหานคร (Bangkok),ปริญญาตรี (Bachelor's Degree),4.0,5.0,full-time,Web dev,Back-end developer,18-24 ปี,"100 คนขึ้นไป แต่ไม่เกิน 1,000 คน (100 to 999 employees)",720000
186,กรุงเทพมหานคร (Bangkok),ปริญญาตรี (Bachelor's Degree),3.0,3.0,full-time,Engineer,"#Robotic Software Engineer, #Consultant",25-34 ปี,"10,000 คนขึ้นไป (10,000 or more employees)",780000
187,กรุงเทพมหานคร (Bangkok),ปริญญาตรี (Bachelor's Degree),1.67,5.0,full-time,Engineer,Site reliability engineer,18-24 ปี,"100 คนขึ้นไป แต่ไม่เกิน 1,000 คน (100 to 999 employees)",440505
188,กรุงเทพมหานคร (Bangkok),ปริญญาตรี (Bachelor's Degree),2.0,4.0,full-time,Mobile dev,Mobile developer,25-34 ปี,20 คนขึ้นไป แต่ไม่เกิน 100 คน (20 to 99 employees),393000
189,กรุงเทพมหานคร (Bangkok),ปริญญาตรี (Bachelor's Degree),1.0,1.0,full-time,Executive,"Full-stack developer, #CTO, #Manager",25-34 ปี,"100 คนขึ้นไป แต่ไม่เกิน 1,000 คน (100 to 999 employees)",540000
190,กรุงเทพมหานคร (Bangkok),ปริญญาตรี (Bachelor's Degree),6.0,6.0,full-time,Web dev,"Front-end developer, Full-stack developer",25-34 ปี,20 คนขึ้นไป แต่ไม่เกิน 100 คน (20 to 99 employees),1200000
191,กรุงเทพมหานคร (Bangkok),ปริญญาตรี (Bachelor's Degree),4.0,10.0,full-time,Web dev,"Back-end developer, Full-stack developer",25-34 ปี,2 คนขึ้นไป แต่ไม่เกิน 20 คน (2 to 19 employees),780000
192,กรุงเทพมหานคร (Bangkok),ปริญญาโท (Master's Degree),5.0,5.0,full-time,Data,Data scientist or machine learning specialist,25-34 ปี,"10,000 คนขึ้นไป (10,000 or more employees)",1800000
193,กรุงเทพมหานคร (Bangkok),ปริญญาตรี (Bachelor's Degree),3.0,3.0,full-time,Data,"Back-end developer, Front-end developer, Full-stack developer, Embedded applications or devices developer, Desktop or enterprise applications developer, Data scientist or machine learning specialist, #Cloud Engineer, #Robotic Software Engineer, #UX/UI Developer, #Web Developer",25-34 ปี,"1,000 คนขึ้นไป แต่ไม่เกิน 10,000 คน (1,000 to 9,999 employees)",372000
194,กรุงเทพมหานคร (Bangkok),ปวส. (High Vocational Certificate),5.0,2.0,full-time,Admin,System administrator,25-34 ปี,20 คนขึ้นไป แต่ไม่เกิน 100 คน (20 to 99 employees),233200
195,กรุงเทพมหานคร (Bangkok),ปริญญาตรี (Bachelor's Degree),0.8,5.0,full-time,Web dev,Back-end developer,18-24 ปี,"100 คนขึ้นไป แต่ไม่เกิน 1,000 คน (100 to 999 employees)",420000
196,ร้อยเอ็ด (Roi Et),ปวส. (High Vocational Certificate),2.0,0.3,full-time,Service,"Database administrator, #IT Support",18-24 ปี,"100 คนขึ้นไป แต่ไม่เกิน 1,000 คน (100 to 999 employees)",120000
197,กรุงเทพมหานคร (Bangkok),ปริญญาตรี (Bachelor's Degree),2.5,6.5,full-time,Web dev,"Full-stack developer, #Web Developer",25-34 ปี,"10,000 คนขึ้นไป (10,000 or more employees)",468000
198,กรุงเทพมหานคร (Bangkok),ปริญญาตรี (Bachelor's Degree),5.0,4.0,full-time,Web dev,"Full-stack developer, #Web Developer",25-34 ปี,"100 คนขึ้นไป แต่ไม่เกิน 1,000 คน (100 to 999 employees)",630000
199,กรุงเทพมหานคร (Bangkok),ปริญญาตรี (Bachelor's Degree),0.0,5.0,full-time,Web dev,"Front-end developer, Full-stack developer",18-24 ปี,"100 คนขึ้นไป แต่ไม่เกิน 1,000 คน (100 to 999 employees)",360000
200,กรุงเทพมหานคร (Bangkok),ปริญญาตรี (Bachelor's Degree),5.0,5.0,part-time,Data,"Data scientist or machine learning specialist, #Consultant",25-34 ปี,2 คนขึ้นไป แต่ไม่เกิน 20 คน (2 to 19 employees),1700000
201,กรุงเทพมหานคร (Bangkok),ปริญญาตรี (Bachelor's Degree),10.0,7.0,full-time,Engineer,animation programer,25-34 ปี,"100 คนขึ้นไป แต่ไม่เกิน 1,000 คน (100 to 999 employees)",660000
202,กรุงเทพมหานคร (Bangkok),ปริญญาตรี (Bachelor's Degree),1.0,5.0,full-time,Web dev,Back-end developer,18-24 ปี,20 คนขึ้นไป แต่ไม่เกิน 100 คน (20 to 99 employees),315000
203,กรุงเทพมหานคร (Bangkok),ปริญญาตรี (Bachelor's Degree),0.5,4.0,full-time,Web dev,"Front-end developer, QA or test developer, #Web Developer",18-24 ปี,"100 คนขึ้นไป แต่ไม่เกิน 1,000 คน (100 to 999 employees)",360000
204,กรุงเทพมหานคร (Bangkok),ปริญญาตรี (Bachelor's Degree),2.0,2.0,full-time,Bussiness,Data or business analyst,25-34 ปี,"100 คนขึ้นไป แต่ไม่เกิน 1,000 คน (100 to 999 employees)",480000
205,กรุงเทพมหานคร (Bangkok),ปริญญาตรี (Bachelor's Degree),1.0,1.0,full-time,Bussiness,Data or business analyst,18-24 ปี,"1,000 คนขึ้นไป แต่ไม่เกิน 10,000 คน (1,000 to 9,999 employees)",240000
206,กรุงเทพมหานคร (Bangkok),ปริญญาตรี (Bachelor's Degree),12.0,4.0,full-time,Bussiness,"Data or business analyst, System administrator, #IT Support, #Web Developer",35-44 ปี,2 คนขึ้นไป แต่ไม่เกิน 20 คน (2 to 19 employees),600000
207,กรุงเทพมหานคร (Bangkok),ปริญญาตรี (Bachelor's Degree),1.0,5.0,full-time,Mobile dev,"Back-end developer, Front-end developer, Full-stack developer, Mobile developer",25-34 ปี,"100 คนขึ้นไป แต่ไม่เกิน 1,000 คน (100 to 999 employees)",660000
208,กรุงเทพมหานคร (Bangkok),ปริญญาโท (Master's Degree),4.6,9.0,full-time,Mobile dev,"Back-end developer, Mobile developer",25-34 ปี,"10,000 คนขึ้นไป (10,000 or more employees)",800000
209,กรุงเทพมหานคร (Bangkok),ปริญญาโท (Master's Degree),3.0,3.0,freelance,Data,"Data scientist or machine learning specialist, Data engineer, Academic researcher",25-34 ปี,2 คนขึ้นไป แต่ไม่เกิน 20 คน (2 to 19 employees),275000
210,กรุงเทพมหานคร (Bangkok),ปริญญาตรี (Bachelor's Degree),1.0,2.0,full-time,Engineer,"Data engineer, DevOps specialist, Site reliability engineer",18-24 ปี,"1,000 คนขึ้นไป แต่ไม่เกิน 10,000 คน (1,000 to 9,999 employees)",720000
211,กรุงเทพมหานคร (Bangkok),ปริญญาตรี (Bachelor's Degree),15.0,0.0,full-time,Manager,"#IT Support, #Manager, #Director, Head of IT",25-34 ปี,"100 คนขึ้นไป แต่ไม่เกิน 1,000 คน (100 to 999 employees)",1440000
212,กรุงเทพมหานคร (Bangkok),ปริญญาโท (Master's Degree),0.0,0.0,full-time,Data,Data engineer,25-34 ปี,"10,000 คนขึ้นไป (10,000 or more employees)",447120
213,กรุงเทพมหานคร (Bangkok),ปวช. (Vocational Certificate),2.0,4.0,full-time,Web dev,"Back-end developer, Front-end developer, Full-stack developer, #Web Developer",18-24 ปี,20 คนขึ้นไป แต่ไม่เกิน 100 คน (20 to 99 employees),360000
214,ประจวบคีรีขันธ์ (Prachuap Kiri Kan),ปริญญาตรี (Bachelor's Degree),0.5,0.0,full-time,Bussiness,"Marketing or sales professional, #Web Developer",25-34 ปี,2 คนขึ้นไป แต่ไม่เกิน 20 คน (2 to 19 employees),200000
215,กรุงเทพมหานคร (Bangkok),ปริญญาตรี (Bachelor's Degree),2.5,1.5,full-time,Service,QA or test developer,25-34 ปี,"1,000 คนขึ้นไป แต่ไม่เกิน 10,000 คน (1,000 to 9,999 employees)",624000
216,กรุงเทพมหานคร (Bangkok),ปริญญาโท (Master's Degree),3.0,3.0,full-time,Data,"Data scientist or machine learning specialist, Data or business analyst, Data engineer, Scientist",25-34 ปี,"10,000 คนขึ้นไป (10,000 or more employees)",620000
217,อุบลราชธานี (Ubon Ratchathani),ปริญญาตรี (Bachelor's Degree),2.0,4.0,full-time,Web dev,Full-stack developer,25-34 ปี,"100 คนขึ้นไป แต่ไม่เกิน 1,000 คน (100 to 999 employees)",240000
218,นนทบุรี (Nonthaburi),ปริญญาตรี (Bachelor's Degree),2.0,9.0,full-time,Data,"Back-end developer, Front-end developer, Full-stack developer, Data scientist or machine learning specialist, Data or business analyst, Data engineer, Academic researcher, Educator, Student, #Web Developer, #Consultant",18-24 ปี,20 คนขึ้นไป แต่ไม่เกิน 100 คน (20 to 99 employees),800000
219,กรุงเทพมหานคร (Bangkok),ปริญญาตรี (Bachelor's Degree),7.0,7.0,full-time,Web dev,"Back-end developer, Front-end developer, Full-stack developer",25-34 ปี,"100 คนขึ้นไป แต่ไม่เกิน 1,000 คน (100 to 999 employees)",936000
220,กรุงเทพมหานคร (Bangkok),ปริญญาตรี (Bachelor's Degree),5.0,10.0,full-time,Web dev,Back-end developer,25-34 ปี,"100 คนขึ้นไป แต่ไม่เกิน 1,000 คน (100 to 999 employees)",800000
221,สงขลา (Songkla),ปริญญาตรี (Bachelor's Degree),14.0,12.0,full-time,Desktop dev,"Back-end developer, Front-end developer, Full-stack developer, Embedded applications or devices developer, Desktop or enterprise applications developer, Database administrator, Data or business analyst, Data engineer, DevOps specialist",35-44 ปี,"1,000 คนขึ้นไป แต่ไม่เกิน 10,000 คน (1,000 to 9,999 employees)",1100000
222,กรุงเทพมหานคร (Bangkok),ปริญญาตรี (Bachelor's Degree),0.7,2.0,full-time,Data,Data engineer,18-24 ปี,20 คนขึ้นไป แต่ไม่เกิน 100 คน (20 to 99 employees),360000
223,กรุงเทพมหานคร (Bangkok),ปริญญาตรี (Bachelor's Degree),7.0,11.0,full-time,Web dev,"Back-end developer, Full-stack developer",25-34 ปี,2 คนขึ้นไป แต่ไม่เกิน 20 คน (2 to 19 employees),480000
224,พระนครศรีอยุธยา (Phra Nahhon Si Ayutthaya),ปริญญาตรี (Bachelor's Degree),3.0,3.0,full-time,Web dev,"Back-end developer, Front-end developer, Full-stack developer, #Web Developer",18-24 ปี,2 คนขึ้นไป แต่ไม่เกิน 20 คน (2 to 19 employees),180000
225,ชลบุรี (Chonburi),ปริญญาตรี (Bachelor's Degree),7.0,7.0,full-time,Network,#Network Engineer,18-24 ปี,20 คนขึ้นไป แต่ไม่เกิน 100 คน (20 to 99 employees),216000
226,กรุงเทพมหานคร (Bangkok),ปริญญาตรี (Bachelor's Degree),6.0,4.0,full-time,Manager,"Back-end developer, Front-end developer, Designer, Product manager",25-34 ปี,2 คนขึ้นไป แต่ไม่เกิน 20 คน (2 to 19 employees),650000
227,กรุงเทพมหานคร (Bangkok),ปริญญาโท (Master's Degree),10.0,15.0,full-time,Web dev,Full-stack developer,25-34 ปี,"100 คนขึ้นไป แต่ไม่เกิน 1,000 คน (100 to 999 employees)",1000000
228,กรุงเทพมหานคร (Bangkok),ปริญญาตรี (Bachelor's Degree),2.0,6.0,full-time,Data,Data scientist or machine learning specialist,18-24 ปี,20 คนขึ้นไป แต่ไม่เกิน 100 คน (20 to 99 employees),432000
229,สตูล (Satun),ปริญญาตรี (Bachelor's Degree),0.0,5.0,part-time,Mobile dev,"Database administrator, Designer, Mobile developer, Student, #UX/UI Developer",18-24 ปี,2 คนขึ้นไป แต่ไม่เกิน 20 คน (2 to 19 employees),240000
230,กรุงเทพมหานคร (Bangkok),ปริญญาตรี (Bachelor's Degree),3.0,10.0,full-time,Web dev,"Back-end developer, Front-end developer",25-34 ปี,2 คนขึ้นไป แต่ไม่เกิน 20 คน (2 to 19 employees),432000
231,กรุงเทพมหานคร (Bangkok),ปริญญาตรี (Bachelor's Degree),2.0,6.0,full-time,Web dev,DevOps specialist,18-24 ปี,"10,000 คนขึ้นไป (10,000 or more employees)",600000
232,กรุงเทพมหานคร (Bangkok),ปริญญาตรี (Bachelor's Degree),3.5,3.5,full-time,Web dev,"Back-end developer, Full-stack developer",25-34 ปี,"10,000 คนขึ้นไป (10,000 or more employees)",624000
233,กรุงเทพมหานคร (Bangkok),ปริญญาตรี (Bachelor's Degree),0.16,3.0,full-time,Web dev,Back-end developer,18-24 ปี,2 คนขึ้นไป แต่ไม่เกิน 20 คน (2 to 19 employees),300000
234,นนทบุรี (Nonthaburi),ปริญญาตรี (Bachelor's Degree),4.0,6.0,full-time,Desktop dev,"Front-end developer, Desktop or enterprise applications developer, QA or test developer, Data or business analyst, System administrator, Product manager, Student, #Web Developer",35-44 ปี,"1,000 คนขึ้นไป แต่ไม่เกิน 10,000 คน (1,000 to 9,999 employees)",1000000
235,กรุงเทพมหานคร (Bangkok),ปริญญาตรี (Bachelor's Degree),0.0,4.0,full-time,Mobile dev,"Back-end developer, Mobile developer",18-24 ปี,"10,000 คนขึ้นไป (10,000 or more employees)",360000
236,กรุงเทพมหานคร (Bangkok),ปริญญาตรี (Bachelor's Degree),3.0,3.0,full-time,Mobile dev,Mobile developer,25-34 ปี,2 คนขึ้นไป แต่ไม่เกิน 20 คน (2 to 19 employees),513600
237,กรุงเทพมหานคร (Bangkok),ปริญญาตรี (Bachelor's Degree),3.0,3.0,full-time,Game dev,Game or graphics developer,25-34 ปี,2 คนขึ้นไป แต่ไม่เกิน 20 คน (2 to 19 employees),450000
238,กรุงเทพมหานคร (Bangkok),ปริญญาตรี (Bachelor's Degree),3.0,1.0,full-time,Mobile dev,QA or test developer,25-34 ปี,"1,000 คนขึ้นไป แต่ไม่เกิน 10,000 คน (1,000 to 9,999 employees)",276000
239,กรุงเทพมหานคร (Bangkok),ปริญญาตรี (Bachelor's Degree),5.0,6.0,full-time,Web dev,"Back-end developer, Front-end developer, Database administrator, Data or business analyst, #Web Developer",25-34 ปี,"100 คนขึ้นไป แต่ไม่เกิน 1,000 คน (100 to 999 employees)",684000
240,กรุงเทพมหานคร (Bangkok),ปริญญาตรี (Bachelor's Degree),1.0,3.0,full-time,Web dev,"Back-end developer, Front-end developer, Full-stack developer, Database administrator, Designer",18-24 ปี,2 คนขึ้นไป แต่ไม่เกิน 20 คน (2 to 19 employees),160000
241,กรุงเทพมหานคร (Bangkok),ปริญญาตรี (Bachelor's Degree),3.0,7.0,full-time,Mobile dev,"Back-end developer, Front-end developer, Full-stack developer, Mobile developer, Student",25-34 ปี,"100 คนขึ้นไป แต่ไม่เกิน 1,000 คน (100 to 999 employees)",960000
242,กรุงเทพมหานคร (Bangkok),ปริญญาตรี (Bachelor's Degree),5.0,5.0,full-time,Web dev,Back-end developer,25-34 ปี,"1,000 คนขึ้นไป แต่ไม่เกิน 10,000 คน (1,000 to 9,999 employees)",650000
243,กรุงเทพมหานคร (Bangkok),ปริญญาตรี (Bachelor's Degree),2.0,2.0,full-time,Mobile dev,QA or test developer,18-24 ปี,"100 คนขึ้นไป แต่ไม่เกิน 1,000 คน (100 to 999 employees)",360000
244,กรุงเทพมหานคร (Bangkok),ปริญญาตรี (Bachelor's Degree),3.0,7.0,full-time,Desktop dev,"Back-end developer, Front-end developer, Full-stack developer, Desktop or enterprise applications developer",25-34 ปี,"1,000 คนขึ้นไป แต่ไม่เกิน 10,000 คน (1,000 to 9,999 employees)",480000
245,กรุงเทพมหานคร (Bangkok),ปริญญาตรี (Bachelor's Degree),10.0,20.0,full-time,Web dev,"Back-end developer, Front-end developer, Full-stack developer",25-34 ปี,"1,000 คนขึ้นไป แต่ไม่เกิน 10,000 คน (1,000 to 9,999 employees)",1400000
246,กรุงเทพมหานคร (Bangkok),ปริญญาตรี (Bachelor's Degree),2.0,6.0,full-time,Data,"Back-end developer, Full-stack developer, Data engineer",25-34 ปี,20 คนขึ้นไป แต่ไม่เกิน 100 คน (20 to 99 employees),500000
247,กรุงเทพมหานคร (Bangkok),ปริญญาตรี (Bachelor's Degree),0.0,2.0,full-time,Web dev,Back-end developer,18-24 ปี,2 คนขึ้นไป แต่ไม่เกิน 20 คน (2 to 19 employees),330000
248,กรุงเทพมหานคร (Bangkok),ปริญญาตรี (Bachelor's Degree),6.0,10.0,full-time,Data,"Data scientist or machine learning specialist, Data engineer, #Network Engineer",25-34 ปี,"10,000 คนขึ้นไป (10,000 or more employees)",1000000
249,ปราจีนบุรี (Prachin Buri),ปริญญาตรี (Bachelor's Degree),5.0,5.0,full-time,Web dev,"Back-end developer, Front-end developer, Full-stack developer, #IT Support, #Web Developer",25-34 ปี,"1,000 คนขึ้นไป แต่ไม่เกิน 10,000 คน (1,000 to 9,999 employees)",240000
250,กรุงเทพมหานคร (Bangkok),ปริญญาตรี (Bachelor's Degree),17.0,17.0,full-time,Bussiness,Data or business analyst,35-44 ปี,"100 คนขึ้นไป แต่ไม่เกิน 1,000 คน (100 to 999 employees)",118000
251,กรุงเทพมหานคร (Bangkok),ปริญญาตรี (Bachelor's Degree),6.0,10.0,full-time,Data,Data scientist or machine learning specialist,25-34 ปี,"1,000 คนขึ้นไป แต่ไม่เกิน 10,000 คน (1,000 to 9,999 employees)",1000000
252,กรุงเทพมหานคร (Bangkok),ปริญญาตรี (Bachelor's Degree),3.0,3.0,full-time,Web dev,Full-stack developer,25-34 ปี,2 คนขึ้นไป แต่ไม่เกิน 20 คน (2 to 19 employees),360000
253,กรุงเทพมหานคร (Bangkok),ปริญญาตรี (Bachelor's Degree),4.0,4.0,full-time,Engineer,"Back-end developer, DevOps specialist, #Cloud Engineer",25-34 ปี,20 คนขึ้นไป แต่ไม่เกิน 100 คน (20 to 99 employees),720000
254,กรุงเทพมหานคร (Bangkok),ปริญญาตรี (Bachelor's Degree),1.0,5.0,full-time,Web dev,Full-stack developer,25-34 ปี,20 คนขึ้นไป แต่ไม่เกิน 100 คน (20 to 99 employees),384000
255,กรุงเทพมหานคร (Bangkok),ปริญญาตรี (Bachelor's Degree),1.0,1.0,full-time,Mobile dev,"Front-end developer, Mobile developer",18-24 ปี,"100 คนขึ้นไป แต่ไม่เกิน 1,000 คน (100 to 999 employees)",750000
256,กรุงเทพมหานคร (Bangkok),ปริญญาตรี (Bachelor's Degree),7.0,10.0,full-time,Data,"Back-end developer, Full-stack developer, Data or business analyst, Data engineer",25-34 ปี,"1,000 คนขึ้นไป แต่ไม่เกิน 10,000 คน (1,000 to 9,999 employees)",1320000
257,กรุงเทพมหานคร (Bangkok),ปริญญาตรี (Bachelor's Degree),1.0,2.0,full-time,Web dev,"Back-end developer, Front-end developer, Full-stack developer",18-24 ปี,"100 คนขึ้นไป แต่ไม่เกิน 1,000 คน (100 to 999 employees)",474000
258,กรุงเทพมหานคร (Bangkok),ปริญญาโท (Master's Degree),2.0,2.0,full-time,Web dev,"Back-end developer, Full-stack developer",18-24 ปี,"1,000 คนขึ้นไป แต่ไม่เกิน 10,000 คน (1,000 to 9,999 employees)",456000
259,กรุงเทพมหานคร (Bangkok),ปริญญาตรี (Bachelor's Degree),22.0,22.0,full-time,Game dev,"Full-stack developer, Desktop or enterprise applications developer, Game or graphics developer",25-34 ปี,20 คนขึ้นไป แต่ไม่เกิน 100 คน (20 to 99 employees),1320000
260,กรุงเทพมหานคร (Bangkok),ปริญญาโท (Master's Degree),4.0,5.0,full-time,Data,"Full-stack developer, Data scientist or machine learning specialist, QA or test developer, Data or business analyst, Data engineer",25-34 ปี,"100 คนขึ้นไป แต่ไม่เกิน 1,000 คน (100 to 999 employees)",1440000
261,นนทบุรี (Nonthaburi),ปริญญาตรี (Bachelor's Degree),10.0,10.0,full-time,Desktop dev,"Full-stack developer, Desktop or enterprise applications developer, Database administrator, System administrator",25-34 ปี,"10,000 คนขึ้นไป (10,000 or more employees)",600000
262,กรุงเทพมหานคร (Bangkok),ปริญญาตรี (Bachelor's Degree),9.0,16.0,full-time,Desktop dev,"Back-end developer, Front-end developer, Desktop or enterprise applications developer, Database administrator, Data or business analyst, Data engineer, #Web Developer, #Consultant",25-34 ปี,"100 คนขึ้นไป แต่ไม่เกิน 1,000 คน (100 to 999 employees)",1380000
263,กรุงเทพมหานคร (Bangkok),ปริญญาตรี (Bachelor's Degree),6.0,6.0,full-time,Web dev,Full-stack developer,25-34 ปี,20 คนขึ้นไป แต่ไม่เกิน 100 คน (20 to 99 employees),850000
264,กรุงเทพมหานคร (Bangkok),ปริญญาตรี (Bachelor's Degree),2.0,2.0,full-time,Data,"Data scientist or machine learning specialist, Data or business analyst, Data engineer",25-34 ปี,"1,000 คนขึ้นไป แต่ไม่เกิน 10,000 คน (1,000 to 9,999 employees)",1000000
265,กรุงเทพมหานคร (Bangkok),มัธยมศึกษาตอนปลาย (High School),4.0,4.0,full-time,Web dev,"Back-end developer, Full-stack developer",25-34 ปี,20 คนขึ้นไป แต่ไม่เกิน 100 คน (20 to 99 employees),564000
266,สมุทรปราการ (Samut Prakan),ต่ำกว่ามัธยมศึกษา (Lower than Secondary School),2.0,4.0,freelance,Web dev,"Back-end developer, Front-end developer, Full-stack developer, Embedded applications or devices developer, Desktop or enterprise applications developer, Data scientist or machine learning specialist, Database administrator, QA or test developer, Data or business analyst, Designer, Engineering manager, Data engineer, Scientist, Academic researcher, System administrator, Educator, DevOps specialist, Site reliability engineer, Product manager, Senior Executive (C-Suite/VP/etc.), Mobile developer, Student, Game or graphics developer, Marketing or sales professional, #IT Support, #CEO, #CTO, #Cloud Engineer, #IT Security, #Network Engineer, #Manager, #Robotic Software Engineer, #UX/UI Developer, #Web Developer, #Human Resource, #Director, #Consultant",18-24 ปี,มีคนเดียว ทำทุกตำแหน่ง (Freelancer/Just me),25000000
267,กรุงเทพมหานคร (Bangkok),ปริญญาตรี (Bachelor's Degree),6.0,10.0,full-time,Data,"Back-end developer, Data engineer, Machine Learning Engineer",25-34 ปี,"1,000 คนขึ้นไป แต่ไม่เกิน 10,000 คน (1,000 to 9,999 employees)",1500000
268,เชียงใหม่ (Chiang Mai),ปริญญาตรี (Bachelor's Degree),3.0,3.0,full-time,Web dev,"Back-end developer, Front-end developer, Full-stack developer",25-34 ปี,"100 คนขึ้นไป แต่ไม่เกิน 1,000 คน (100 to 999 employees)",480000
269,กรุงเทพมหานคร (Bangkok),ปริญญาตรี (Bachelor's Degree),3.0,3.0,full-time,Web dev,"Back-end developer, #Web Developer",25-34 ปี,20 คนขึ้นไป แต่ไม่เกิน 100 คน (20 to 99 employees),348000
270,กรุงเทพมหานคร (Bangkok),ปริญญาตรี (Bachelor's Degree),0.6,0.0,full-time,Mobile dev,QA or test developer,18-24 ปี,"100 คนขึ้นไป แต่ไม่เกิน 1,000 คน (100 to 999 employees)",256000
271,กรุงเทพมหานคร (Bangkok),ปริญญาตรี (Bachelor's Degree),5.0,5.0,full-time,Web dev,"Back-end developer, Front-end developer, Full-stack developer, #Web Developer",25-34 ปี,2 คนขึ้นไป แต่ไม่เกิน 20 คน (2 to 19 employees),384000
272,กรุงเทพมหานคร (Bangkok),มัธยมศึกษาตอนปลาย (High School),3.0,5.0,freelance,Web dev,"Back-end developer, Front-end developer, Full-stack developer, Database administrator, QA or test developer, System administrator, Student, #IT Support, #Web Developer",18-24 ปี,2 คนขึ้นไป แต่ไม่เกิน 20 คน (2 to 19 employees),250000
273,กรุงเทพมหานคร (Bangkok),ปริญญาตรี (Bachelor's Degree),0.1,4.0,full-time,Web dev,Full-stack developer,18-24 ปี,"100 คนขึ้นไป แต่ไม่เกิน 1,000 คน (100 to 999 employees)",384000
274,ปทุมธานี (Pathum Thani),ปริญญาตรี (Bachelor's Degree),1.0,4.0,full-time,Engineer,"Embedded applications or devices developer, software developer",18-24 ปี,20 คนขึ้นไป แต่ไม่เกิน 100 คน (20 to 99 employees),300000
275,กรุงเทพมหานคร (Bangkok),ปริญญาตรี (Bachelor's Degree),3.5,2.0,full-time,Data,"Data engineer, System administrator",25-34 ปี,"100 คนขึ้นไป แต่ไม่เกิน 1,000 คน (100 to 999 employees)",360000
276,กรุงเทพมหานคร (Bangkok),ปริญญาตรี (Bachelor's Degree),3.0,3.0,full-time,Data,"Data scientist or machine learning specialist, Data engineer, #Consultant",25-34 ปี,"1,000 คนขึ้นไป แต่ไม่เกิน 10,000 คน (1,000 to 9,999 employees)",800000
277,กรุงเทพมหานคร (Bangkok),ปวส. (High Vocational Certificate),4.0,7.0,full-time,Web dev,Front-end developer,25-34 ปี,"100 คนขึ้นไป แต่ไม่เกิน 1,000 คน (100 to 999 employees)",700000
278,อำนาจเจริญ (Amnat Charoen),ปวส. (High Vocational Certificate),7.0,0.0,full-time,Service,"Student, #IT Support",25-34 ปี,"100 คนขึ้นไป แต่ไม่เกิน 1,000 คน (100 to 999 employees)",225000
279,กรุงเทพมหานคร (Bangkok),มัธยมศึกษาตอนปลาย (High School),5.0,5.0,full-time,Mobile dev,"Full-stack developer, Data or business analyst, DevOps specialist, Mobile developer",25-34 ปี,2 คนขึ้นไป แต่ไม่เกิน 20 คน (2 to 19 employees),720000
280,กรุงเทพมหานคร (Bangkok),ปริญญาตรี (Bachelor's Degree),1.0,1.0,full-time,Web dev,Full-stack developer,18-24 ปี,"100 คนขึ้นไป แต่ไม่เกิน 1,000 คน (100 to 999 employees)",360000
281,กรุงเทพมหานคร (Bangkok),ปริญญาตรี (Bachelor's Degree),5.0,5.0,full-time,Web dev,Full-stack developer,25-34 ปี,"100 คนขึ้นไป แต่ไม่เกิน 1,000 คน (100 to 999 employees)",1500000
282,กรุงเทพมหานคร (Bangkok),ปริญญาตรี (Bachelor's Degree),1.2,5.2,full-time,Mobile dev,"Front-end developer, Mobile developer",18-24 ปี,20 คนขึ้นไป แต่ไม่เกิน 100 คน (20 to 99 employees),300000
283,กรุงเทพมหานคร (Bangkok),ปริญญาตรี (Bachelor's Degree),2.5,4.0,full-time,Web dev,Full-stack developer,25-34 ปี,20 คนขึ้นไป แต่ไม่เกิน 100 คน (20 to 99 employees),240000
284,กรุงเทพมหานคร (Bangkok),ปริญญาตรี (Bachelor's Degree),1.0,5.0,full-time,Web dev,"Back-end developer, Full-stack developer, Designer",18-24 ปี,"100 คนขึ้นไป แต่ไม่เกิน 1,000 คน (100 to 999 employees)",378000
285,กรุงเทพมหานคร (Bangkok),ปริญญาตรี (Bachelor's Degree),2.0,2.0,full-time,Bussiness,BI,25-34 ปี,2 คนขึ้นไป แต่ไม่เกิน 20 คน (2 to 19 employees),300000
286,เชียงใหม่ (Chiang Mai),ปริญญาโท (Master's Degree),8.0,14.0,full-time,Network,"Back-end developer, Full-stack developer, Data scientist or machine learning specialist, Database administrator, Data or business analyst, Data engineer, Scientist, DevOps specialist, Site reliability engineer, Mobile developer, Game or graphics developer, #Security Engineer, #Consultant",25-34 ปี,2 คนขึ้นไป แต่ไม่เกิน 20 คน (2 to 19 employees),1680000
287,กรุงเทพมหานคร (Bangkok),ปริญญาตรี (Bachelor's Degree),20.0,20.0,full-time,Desktop dev,"Back-end developer, Front-end developer, Desktop or enterprise applications developer, #Manager",35-44 ปี,"1,000 คนขึ้นไป แต่ไม่เกิน 10,000 คน (1,000 to 9,999 employees)",900000
288,กรุงเทพมหานคร (Bangkok),ปริญญาตรี (Bachelor's Degree),5.0,0.0,full-time,Web dev,"#UX/UI Developer, System Analyst",25-34 ปี,"100 คนขึ้นไป แต่ไม่เกิน 1,000 คน (100 to 999 employees)",432000
289,กรุงเทพมหานคร (Bangkok),ปริญญาตรี (Bachelor's Degree),1.0,5.0,full-time,Web dev,"Back-end developer, Front-end developer, Full-stack developer, Data engineer",18-24 ปี,"100 คนขึ้นไป แต่ไม่เกิน 1,000 คน (100 to 999 employees)",420000
290,กรุงเทพมหานคร (Bangkok),ปริญญาตรี (Bachelor's Degree),8.0,18.0,full-time,Web dev,"Back-end developer, Front-end developer, Full-stack developer",25-34 ปี,"100 คนขึ้นไป แต่ไม่เกิน 1,000 คน (100 to 999 employees)",1800000
291,เชียงใหม่ (Chiang Mai),ปริญญาตรี (Bachelor's Degree),1.0,4.0,full-time,Web dev,Full-stack developer,18-24 ปี,20 คนขึ้นไป แต่ไม่เกิน 100 คน (20 to 99 employees),240000
292,กรุงเทพมหานคร (Bangkok),ปริญญาโท (Master's Degree),4.4,10.0,full-time,Embled dev,Embedded applications or devices developer,25-34 ปี,"10,000 คนขึ้นไป (10,000 or more employees)",840000
293,ขอนแก่น (Khon Kaen),ปริญญาตรี (Bachelor's Degree),0.5,0.5,full-time,Web dev,Data engineer,25-34 ปี,"10,000 คนขึ้นไป (10,000 or more employees)",456000
294,กรุงเทพมหานคร (Bangkok),ปริญญาตรี (Bachelor's Degree),0.3,2.0,full-time,Web dev,"Back-end developer, Front-end developer",18-24 ปี,"1,000 คนขึ้นไป แต่ไม่เกิน 10,000 คน (1,000 to 9,999 employees)",360000
295,กรุงเทพมหานคร (Bangkok),ปริญญาตรี (Bachelor's Degree),0.3,2.0,full-time,Web dev,Front-end developer,18-24 ปี,"1,000 คนขึ้นไป แต่ไม่เกิน 10,000 คน (1,000 to 9,999 employees)",360000
296,กรุงเทพมหานคร (Bangkok),ปริญญาโท (Master's Degree),8.0,10.0,full-time,Academic,Scientist,25-34 ปี,"10,000 คนขึ้นไป (10,000 or more employees)",3600000
297,กรุงเทพมหานคร (Bangkok),ปริญญาตรี (Bachelor's Degree),2.0,4.0,full-time,Web dev,"Full-stack developer, DevOps specialist, #Consultant",18-24 ปี,"100 คนขึ้นไป แต่ไม่เกิน 1,000 คน (100 to 999 employees)",900000
298,กรุงเทพมหานคร (Bangkok),ปริญญาตรี (Bachelor's Degree),2.0,6.0,full-time,Data,Data scientist or machine learning specialist,18-24 ปี,20 คนขึ้นไป แต่ไม่เกิน 100 คน (20 to 99 employees),900000
299,กรุงเทพมหานคร (Bangkok),ปริญญาตรี (Bachelor's Degree),1.0,5.0,full-time,Web dev,"Back-end developer, Front-end developer, Full-stack developer, #Web Developer",25-34 ปี,20 คนขึ้นไป แต่ไม่เกิน 100 คน (20 to 99 employees),540000
300,กรุงเทพมหานคร (Bangkok),ปริญญาตรี (Bachelor's Degree),1.5,1.5,full-time,Web dev,Front-end developer,25-34 ปี,20 คนขึ้นไป แต่ไม่เกิน 100 คน (20 to 99 employees),420000
301,กรุงเทพมหานคร (Bangkok),ปริญญาโท (Master's Degree),1.0,1.0,full-time,Data,Data scientist or machine learning specialist,25-34 ปี,2 คนขึ้นไป แต่ไม่เกิน 20 คน (2 to 19 employees),540000
302,กรุงเทพมหานคร (Bangkok),มัธยมศึกษาตอนปลาย (High School),1.5,3.0,part-time,Web dev,"Back-end developer, Front-end developer, Full-stack developer, Database administrator, Mobile developer, Student, #Web Developer",18-24 ปี,20 คนขึ้นไป แต่ไม่เกิน 100 คน (20 to 99 employees),180000
303,กรุงเทพมหานคร (Bangkok),ปริญญาตรี (Bachelor's Degree),0.5,5.0,full-time,Game dev,Game or graphics developer,18-24 ปี,2 คนขึ้นไป แต่ไม่เกิน 20 คน (2 to 19 employees),396000
304,เชียงใหม่ (Chiang Mai),ปริญญาตรี (Bachelor's Degree),1.0,7.0,full-time,Mobile dev,QA or test developer,25-34 ปี,20 คนขึ้นไป แต่ไม่เกิน 100 คน (20 to 99 employees),228000
305,กรุงเทพมหานคร (Bangkok),ปริญญาตรี (Bachelor's Degree),6.0,6.0,full-time,Mobile dev,"Back-end developer, Front-end developer, Full-stack developer, Mobile developer, #Web Developer",25-34 ปี,20 คนขึ้นไป แต่ไม่เกิน 100 คน (20 to 99 employees),768000
306,กรุงเทพมหานคร (Bangkok),ปริญญาตรี (Bachelor's Degree),0.25,3.0,full-time,Web dev,Back-end developer,18-24 ปี,2 คนขึ้นไป แต่ไม่เกิน 20 คน (2 to 19 employees),216000
307,กรุงเทพมหานคร (Bangkok),ปริญญาตรี (Bachelor's Degree),1.0,7.0,full-time,Web dev,"Front-end developer, Full-stack developer",18-24 ปี,20 คนขึ้นไป แต่ไม่เกิน 100 คน (20 to 99 employees),444000
308,นครปฐม (Nakhon Pathom),ปริญญาตรี (Bachelor's Degree),5.0,5.0,full-time,Web dev,"Back-end developer, Front-end developer, Full-stack developer, Database administrator, Data or business analyst, Designer, #UX/UI Developer, #Web Developer",25-34 ปี,2 คนขึ้นไป แต่ไม่เกิน 20 คน (2 to 19 employees),400000
309,กรุงเทพมหานคร (Bangkok),ปริญญาตรี (Bachelor's Degree),1.0,4.0,full-time,Data,"Data scientist or machine learning specialist, Data or business analyst",18-24 ปี,"1,000 คนขึ้นไป แต่ไม่เกิน 10,000 คน (1,000 to 9,999 employees)",396000
310,กรุงเทพมหานคร (Bangkok),ปริญญาตรี (Bachelor's Degree),3.0,8.0,full-time,Mobile dev,"Back-end developer, Front-end developer, Full-stack developer, Mobile developer",25-34 ปี,2 คนขึ้นไป แต่ไม่เกิน 20 คน (2 to 19 employees),240000
311,กรุงเทพมหานคร (Bangkok),ปริญญาตรี (Bachelor's Degree),1.0,1.0,full-time,Web dev,"Full-stack developer, #Cloud Engineer, #Consultant",18-24 ปี,"10,000 คนขึ้นไป (10,000 or more employees)",678000
312,กรุงเทพมหานคร (Bangkok),ปริญญาตรี (Bachelor's Degree),10.0,10.0,full-time,Web dev,"Back-end developer, Front-end developer, Full-stack developer, #Web Developer",25-34 ปี,2 คนขึ้นไป แต่ไม่เกิน 20 คน (2 to 19 employees),850000
313,สมุทรปราการ (Samut Prakan),ปริญญาตรี (Bachelor's Degree),1.0,2.0,full-time,Web dev,"Full-stack developer, #Web Developer",25-34 ปี,2 คนขึ้นไป แต่ไม่เกิน 20 คน (2 to 19 employees),300000
314,กรุงเทพมหานคร (Bangkok),ปริญญาตรี (Bachelor's Degree),3.0,7.0,full-time,Web dev,"Back-end developer, Front-end developer, Full-stack developer, Student",18-24 ปี,"100 คนขึ้นไป แต่ไม่เกิน 1,000 คน (100 to 999 employees)",864000
315,กรุงเทพมหานคร (Bangkok),ปริญญาตรี (Bachelor's Degree),2.0,6.0,full-time,Data,"Back-end developer, Front-end developer, Full-stack developer, Embedded applications or devices developer, Data scientist or machine learning specialist, Scientist, Academic researcher, #Robotic Software Engineer",18-24 ปี,มีคนเดียว ทำทุกตำแหน่ง (Freelancer/Just me),1400000
316,กรุงเทพมหานคร (Bangkok),ปริญญาตรี (Bachelor's Degree),0.17,1.0,full-time,Web dev,Front-end developer,25-34 ปี,20 คนขึ้นไป แต่ไม่เกิน 100 คน (20 to 99 employees),420000
317,กรุงเทพมหานคร (Bangkok),ปริญญาตรี (Bachelor's Degree),7.0,7.0,full-time,Bussiness,Data or business analyst,25-34 ปี,"100 คนขึ้นไป แต่ไม่เกิน 1,000 คน (100 to 999 employees)",660000
318,กรุงเทพมหานคร (Bangkok),ปริญญาตรี (Bachelor's Degree),15.0,20.0,freelance,Desktop dev,"Full-stack developer, Embedded applications or devices developer, Desktop or enterprise applications developer, Database administrator, QA or test developer, Designer, Engineering manager, Educator, Product manager, Game or graphics developer, #Manager, #Robotic Software Engineer",35-44 ปี,2 คนขึ้นไป แต่ไม่เกิน 20 คน (2 to 19 employees),1800000
319,กรุงเทพมหานคร (Bangkok),ปริญญาโท (Master's Degree),10.0,14.0,full-time,Web dev,Back-end developer,25-34 ปี,20 คนขึ้นไป แต่ไม่เกิน 100 คน (20 to 99 employees),800000
320,กรุงเทพมหานคร (Bangkok),มัธยมศึกษาตอนปลาย (High School),15.0,10.0,full-time,Security,"Back-end developer, System administrator, DevOps specialist, Site reliability engineer, #IT Support, #IT Security, #Network Engineer, #Security Engineer",35-44 ปี,"100 คนขึ้นไป แต่ไม่เกิน 1,000 คน (100 to 999 employees)",1300000
321,ชลบุรี (Chonburi),ปริญญาตรี (Bachelor's Degree),2.0,6.0,full-time,Web dev,Full-stack developer,25-34 ปี,มีคนเดียว ทำทุกตำแหน่ง (Freelancer/Just me),150000
322,ระนอง (Ranong),ปริญญาตรี (Bachelor's Degree),11.0,11.0,freelance,Web dev,"Front-end developer, Full-stack developer, #IT Support",25-34 ปี,มีคนเดียว ทำทุกตำแหน่ง (Freelancer/Just me),1200000
323,สงขลา (Songkla),ปริญญาโท (Master's Degree),2.0,6.0,full-time,Web dev,"Back-end developer, Front-end developer, #Web Developer",18-24 ปี,"100 คนขึ้นไป แต่ไม่เกิน 1,000 คน (100 to 999 employees)",216000
324,กรุงเทพมหานคร (Bangkok),ปริญญาตรี (Bachelor's Degree),1.0,3.0,full-time,Embled dev,Embedded applications or devices developer,25-34 ปี,"100 คนขึ้นไป แต่ไม่เกิน 1,000 คน (100 to 999 employees)",360000
325,กรุงเทพมหานคร (Bangkok),ปริญญาตรี (Bachelor's Degree),1.0,3.0,full-time,Game dev,"Front-end developer, Designer, Mobile developer, Game or graphics developer",18-24 ปี,20 คนขึ้นไป แต่ไม่เกิน 100 คน (20 to 99 employees),300000
326,กรุงเทพมหานคร (Bangkok),ปริญญาตรี (Bachelor's Degree),0.9,5.0,full-time,Engineer,Software engineer ,18-24 ปี,20 คนขึ้นไป แต่ไม่เกิน 100 คน (20 to 99 employees),348000
327,กรุงเทพมหานคร (Bangkok),ปริญญาตรี (Bachelor's Degree),2.0,4.0,full-time,Mobile dev,QA or test developer,18-24 ปี,"100 คนขึ้นไป แต่ไม่เกิน 1,000 คน (100 to 999 employees)",360000
328,เชียงใหม่ (Chiang Mai),ปริญญาตรี (Bachelor's Degree),4.0,1.0,full-time,Web dev,"Back-end developer, Front-end developer, QA or test developer, Designer, #System Analyst",25-34 ปี,2 คนขึ้นไป แต่ไม่เกิน 20 คน (2 to 19 employees),240000
329,กรุงเทพมหานคร (Bangkok),ปริญญาตรี (Bachelor's Degree),1.0,7.0,full-time,Web dev,"Back-end developer, Front-end developer, Full-stack developer, Designer",18-24 ปี,2 คนขึ้นไป แต่ไม่เกิน 20 คน (2 to 19 employees),640000
330,กรุงเทพมหานคร (Bangkok),ปริญญาตรี (Bachelor's Degree),11.0,11.0,full-time,Web dev,"Back-end developer, Full-stack developer, Educator",25-34 ปี,"100 คนขึ้นไป แต่ไม่เกิน 1,000 คน (100 to 999 employees)",1260000
331,กรุงเทพมหานคร (Bangkok),มัธยมศึกษาตอนปลาย (High School),3.0,5.0,freelance,Web dev,Back-end developer,18-24 ปี,มีคนเดียว ทำทุกตำแหน่ง (Freelancer/Just me),1250000
332,กรุงเทพมหานคร (Bangkok),มัธยมศึกษาตอนปลาย (High School),5.0,10.0,full-time,Executive,Senior Executive (C-Suite/VP/etc.),18-24 ปี,20 คนขึ้นไป แต่ไม่เกิน 100 คน (20 to 99 employees),160000
333,เชียงใหม่ (Chiang Mai),ปริญญาตรี (Bachelor's Degree),0.5,4.0,full-time,Mobile dev,QA or test developer,18-24 ปี,20 คนขึ้นไป แต่ไม่เกิน 100 คน (20 to 99 employees),240000
334,กรุงเทพมหานคร (Bangkok),ปริญญาตรี (Bachelor's Degree),2.0,10.0,full-time,Web dev,"Back-end developer, Front-end developer, Full-stack developer, DevOps specialist, Site reliability engineer",25-34 ปี,"100 คนขึ้นไป แต่ไม่เกิน 1,000 คน (100 to 999 employees)",420000
335,กรุงเทพมหานคร (Bangkok),ปริญญาตรี (Bachelor's Degree),9.0,9.0,full-time,Web dev,Full-stack developer,35-44 ปี,"100 คนขึ้นไป แต่ไม่เกิน 1,000 คน (100 to 999 employees)",996000
336,กรุงเทพมหานคร (Bangkok),ปริญญาตรี (Bachelor's Degree),11.0,9.0,full-time,Web dev,"Back-end developer, Front-end developer, Full-stack developer, #IT Support, #Web Developer",25-34 ปี,"100 คนขึ้นไป แต่ไม่เกิน 1,000 คน (100 to 999 employees)",516000
337,ชลบุรี (Chonburi),ปริญญาตรี (Bachelor's Degree),1.0,7.0,full-time,Web dev,"Back-end developer, Front-end developer, Full-stack developer",18-24 ปี,"100 คนขึ้นไป แต่ไม่เกิน 1,000 คน (100 to 999 employees)",276000
338,ภูเก็ต (Phuket),ปริญญาโท (Master's Degree),13.0,15.0,full-time,Executive,"Back-end developer, Front-end developer, Full-stack developer, Embedded applications or devices developer, Database administrator, System administrator, DevOps specialist, Product manager, Senior Executive (C-Suite/VP/etc.), Mobile developer, #CEO, #Manager, #Web Developer",35-44 ปี,2 คนขึ้นไป แต่ไม่เกิน 20 คน (2 to 19 employees),480000
339,ขอนแก่น (Khon Kaen),ปริญญาตรี (Bachelor's Degree),10.0,10.0,full-time,Web dev,Back-end developer,25-34 ปี,20 คนขึ้นไป แต่ไม่เกิน 100 คน (20 to 99 employees),750000
340,ปทุมธานี (Pathum Thani),ปริญญาตรี (Bachelor's Degree),6.0,6.0,full-time,Web dev,"Back-end developer, Front-end developer, Full-stack developer, Desktop or enterprise applications developer, Database administrator, Mobile developer, #Web Developer",25-34 ปี,20 คนขึ้นไป แต่ไม่เกิน 100 คน (20 to 99 employees),510000
341,กรุงเทพมหานคร (Bangkok),ปริญญาตรี (Bachelor's Degree),1.0,5.0,full-time,Web dev,"Back-end developer, Student",18-24 ปี,"100 คนขึ้นไป แต่ไม่เกิน 1,000 คน (100 to 999 employees)",336000
342,นนทบุรี (Nonthaburi),ปริญญาตรี (Bachelor's Degree),1.0,4.0,full-time,Web dev,Front-end developer,18-24 ปี,"1,000 คนขึ้นไป แต่ไม่เกิน 10,000 คน (1,000 to 9,999 employees)",420000
343,สมุทรปราการ (Samut Prakan),ปริญญาตรี (Bachelor's Degree),1.0,4.0,full-time,Network,"#IT Support, #Network Engineer",25-34 ปี,2 คนขึ้นไป แต่ไม่เกิน 20 คน (2 to 19 employees),156000
344,กรุงเทพมหานคร (Bangkok),ปริญญาตรี (Bachelor's Degree),8.0,8.0,full-time,Web dev,"Front-end developer, Full-stack developer",25-34 ปี,20 คนขึ้นไป แต่ไม่เกิน 100 คน (20 to 99 employees),1140000
345,พระนครศรีอยุธยา (Phra Nahhon Si Ayutthaya),ปริญญาตรี (Bachelor's Degree),4.5,8.0,full-time,Engineer,Test Code Development Engineer,25-34 ปี,"10,000 คนขึ้นไป (10,000 or more employees)",420000
346,กรุงเทพมหานคร (Bangkok),มัธยมศึกษาตอนปลาย (High School),0.0,1.0,part-time,Data,"Data scientist or machine learning specialist, Student, Intern data science ",18-24 ปี,2 คนขึ้นไป แต่ไม่เกิน 20 คน (2 to 19 employees),180000
347,นนทบุรี (Nonthaburi),ปริญญาตรี (Bachelor's Degree),3.0,3.0,full-time,Web dev,Front-end developer,25-34 ปี,2 คนขึ้นไป แต่ไม่เกิน 20 คน (2 to 19 employees),535000
348,กรุงเทพมหานคร (Bangkok),ปริญญาตรี (Bachelor's Degree),2.0,0.0,full-time,Manager,"Engineering manager, #Manager",25-34 ปี,20 คนขึ้นไป แต่ไม่เกิน 100 คน (20 to 99 employees),780000
349,กรุงเทพมหานคร (Bangkok),ปริญญาตรี (Bachelor's Degree),1.0,2.0,full-time,Game dev,"Back-end developer, Front-end developer, Game or graphics developer",18-24 ปี,2 คนขึ้นไป แต่ไม่เกิน 20 คน (2 to 19 employees),204000
350,กรุงเทพมหานคร (Bangkok),ปริญญาตรี (Bachelor's Degree),1.0,5.0,full-time,Game dev,Game or graphics developer,18-24 ปี,2 คนขึ้นไป แต่ไม่เกิน 20 คน (2 to 19 employees),360000
351,กรุงเทพมหานคร (Bangkok),ปริญญาโท (Master's Degree),13.0,13.0,full-time,Web dev,Full-stack developer,35-44 ปี,"1,000 คนขึ้นไป แต่ไม่เกิน 10,000 คน (1,000 to 9,999 employees)",876000
352,กรุงเทพมหานคร (Bangkok),ปริญญาตรี (Bachelor's Degree),3.0,4.0,full-time,Web dev,Back-end developer,25-34 ปี,"1,000 คนขึ้นไป แต่ไม่เกิน 10,000 คน (1,000 to 9,999 employees)",336000
353,กรุงเทพมหานคร (Bangkok),ปริญญาตรี (Bachelor's Degree),15.0,20.0,full-time,Manager,"Back-end developer, Embedded applications or devices developer, #Cloud Engineer, #Manager",35-44 ปี,2 คนขึ้นไป แต่ไม่เกิน 20 คน (2 to 19 employees),1800000
354,กรุงเทพมหานคร (Bangkok),ปริญญาตรี (Bachelor's Degree),8.0,12.0,full-time,Web dev,"Full-stack developer, QA or test developer, DevOps specialist",25-34 ปี,"100 คนขึ้นไป แต่ไม่เกิน 1,000 คน (100 to 999 employees)",1000000
355,กรุงเทพมหานคร (Bangkok),ปริญญาตรี (Bachelor's Degree),0.0,3.0,full-time,Data,Data engineer,18-24 ปี,"100 คนขึ้นไป แต่ไม่เกิน 1,000 คน (100 to 999 employees)",156000
356,กรุงเทพมหานคร (Bangkok),ปริญญาตรี (Bachelor's Degree),5.0,3.0,full-time,Embled dev,Embedded applications or devices developer,25-34 ปี,"100 คนขึ้นไป แต่ไม่เกิน 1,000 คน (100 to 999 employees)",360000
357,สมุทรปราการ (Samut Prakan),ปริญญาตรี (Bachelor's Degree),5.0,4.0,full-time,Mobile dev,"Back-end developer, Front-end developer, Full-stack developer, Mobile developer, #Web Developer",25-34 ปี,2 คนขึ้นไป แต่ไม่เกิน 20 คน (2 to 19 employees),600000
358,กรุงเทพมหานคร (Bangkok),ปริญญาตรี (Bachelor's Degree),9.0,11.0,full-time,Web dev,"Back-end developer, Full-stack developer, Student",25-34 ปี,"100 คนขึ้นไป แต่ไม่เกิน 1,000 คน (100 to 999 employees)",630000
359,กรุงเทพมหานคร (Bangkok),ปริญญาตรี (Bachelor's Degree),6.0,0.0,full-time,Engineer,#Cloud Engineer,25-34 ปี,"1,000 คนขึ้นไป แต่ไม่เกิน 10,000 คน (1,000 to 9,999 employees)",1010000
360,กรุงเทพมหานคร (Bangkok),ปริญญาโท (Master's Degree),2.0,6.0,full-time,Data,"Full-stack developer, Data scientist or machine learning specialist, Data engineer, Academic researcher",25-34 ปี,"10,000 คนขึ้นไป (10,000 or more employees)",1540000
361,กรุงเทพมหานคร (Bangkok),ปริญญาตรี (Bachelor's Degree),12.0,15.0,full-time,Web dev,"Back-end developer, Front-end developer, Full-stack developer",25-34 ปี,"10,000 คนขึ้นไป (10,000 or more employees)",2352000
362,กรุงเทพมหานคร (Bangkok),ปริญญาตรี (Bachelor's Degree),4.0,8.0,full-time,Embled dev,"Back-end developer, Front-end developer, Full-stack developer, Embedded applications or devices developer",25-34 ปี,20 คนขึ้นไป แต่ไม่เกิน 100 คน (20 to 99 employees),540000
0,กรุงเทพมหานคร (Bangkok),ปริญญาเอก (Doctoral Degree or PhD),4.0,14.0,full-time,Data,Data scientist or machine learning specialist,25-34 ปี,"10,000 คนขึ้นไป (10,000 or more employees)",130000
1,กรุงเทพมหานคร (Bangkok),ปริญญาเอก (Doctoral Degree or PhD),4.0,14.0,full-time,Data,Data scientist or machine learning specialist,25-34 ปี,"10,000 คนขึ้นไป (10,000 or more employees)",140000
2,ระยอง (Rayong),ปริญญาเอก (Doctoral Degree or PhD),3.0,5.0,full-time,Academic,Academic researcher,25-34 ปี,2 คนขึ้นไป แต่ไม่เกิน 20 คน (2 to 19 employees),35000
3,กรุงเทพมหานคร (Bangkok),ปริญญาโท (Master's Degree),1.0,0.5,full-time,Data,Data scientist or machine learning specialist,25-34 ปี,2 คนขึ้นไป แต่ไม่เกิน 20 คน (2 to 19 employees),35000
4,กรุงเทพมหานคร (Bangkok),ปริญญาตรี (Bachelor's Degree),2.0,8.0,full-time,Data,Data scientist or machine learning specialist,18-24 ปี,"1,000 คนขึ้นไป แต่ไม่เกิน 10,000 คน (1,000 to 9,999 employees)",85000
5,ปัตตานี (Pattani),ปริญญาตรี (Bachelor's Degree),1.0,1.0,freelance,Game dev,Game or graphics developer,18-24 ปี,2 คนขึ้นไป แต่ไม่เกิน 20 คน (2 to 19 employees),25000
6,กรุงเทพมหานคร (Bangkok),ปริญญาตรี (Bachelor's Degree),2.0,1.0,full-time,Bussiness,Data or business analyst,18-24 ปี,2 คนขึ้นไป แต่ไม่เกิน 20 คน (2 to 19 employees),30000
7,กรุงเทพมหานคร (Bangkok),มัธยมศึกษาตอนปลาย (High School),1.4,3.0,full-time,Web dev,Full-stack developer,18-24 ปี,2 คนขึ้นไป แต่ไม่เกิน 20 คน (2 to 19 employees),25000
8,กรุงเทพมหานคร (Bangkok),ปริญญาตรี (Bachelor's Degree),15.0,15.0,full-time,Web dev,Full-stack developer,35-44 ปี,"100 คนขึ้นไป แต่ไม่เกิน 1,000 คน (100 to 999 employees)",95000
9,กรุงเทพมหานคร (Bangkok),ปริญญาตรี (Bachelor's Degree),1.0,2.0,full-time,Web dev,Full-stack developer,18-24 ปี,20 คนขึ้นไป แต่ไม่เกิน 100 คน (20 to 99 employees),26200
10,ระยอง (Rayong),ปริญญาตรี (Bachelor's Degree),6.0,1.0,full-time,Web dev,Full-stack developer,25-34 ปี,"1,000 คนขึ้นไป แต่ไม่เกิน 10,000 คน (1,000 to 9,999 employees)",31000
11,กรุงเทพมหานคร (Bangkok),ปริญญาตรี (Bachelor's Degree),5.0,3.0,full-time,Bussiness,Salesforce Developer,25-34 ปี,"10,000 คนขึ้นไป (10,000 or more employees)",50000
12,เชียงใหม่ (Chiang Mai),ปริญญาตรี (Bachelor's Degree),9.0,9.0,full-time,Desktop dev,Desktop or enterprise applications developer,25-34 ปี,"100 คนขึ้นไป แต่ไม่เกิน 1,000 คน (100 to 999 employees)",25000
13,กรุงเทพมหานคร (Bangkok),ปริญญาโท (Master's Degree),6.0,9.0,full-time,Service,#IT Support,25-34 ปี,20 คนขึ้นไป แต่ไม่เกิน 100 คน (20 to 99 employees),28000
14,กรุงเทพมหานคร (Bangkok),ปริญญาตรี (Bachelor's Degree),4.5,4.5,full-time,Mobile dev,Mobile developer,25-34 ปี,"100 คนขึ้นไป แต่ไม่เกิน 1,000 คน (100 to 999 employees)",100000
15,กรุงเทพมหานคร (Bangkok),ปริญญาตรี (Bachelor's Degree),1.0,2.0,full-time,Mobile dev,Mobile developer,18-24 ปี,"100 คนขึ้นไป แต่ไม่เกิน 1,000 คน (100 to 999 employees)",70000
16,กรุงเทพมหานคร (Bangkok),ปวส. (High Vocational Certificate),4.0,2.0,full-time,Web dev,Back-end developer,25-34 ปี,"100 คนขึ้นไป แต่ไม่เกิน 1,000 คน (100 to 999 employees)",23000
17,กรุงเทพมหานคร (Bangkok),ปริญญาตรี (Bachelor's Degree),0.0,4.0,full-time,Web dev,Front-end developer,18-24 ปี,20 คนขึ้นไป แต่ไม่เกิน 100 คน (20 to 99 employees),28000
18,ชลบุรี (Chonburi),ปริญญาตรี (Bachelor's Degree),2.5,2.5,full-time,Web dev,Full-stack developer,25-34 ปี,"100 คนขึ้นไป แต่ไม่เกิน 1,000 คน (100 to 999 employees)",25000
19,กรุงเทพมหานคร (Bangkok),ปริญญาตรี (Bachelor's Degree),5.0,5.0,full-time,Desktop dev,Desktop or enterprise applications developer,25-34 ปี,2 คนขึ้นไป แต่ไม่เกิน 20 คน (2 to 19 employees),30000
20,กรุงเทพมหานคร (Bangkok),ปริญญาตรี (Bachelor's Degree),4.0,1.0,full-time,Web dev,#Web Developer,18-24 ปี,2 คนขึ้นไป แต่ไม่เกิน 20 คน (2 to 19 employees),17000
21,กรุงเทพมหานคร (Bangkok),ปริญญาตรี (Bachelor's Degree),1.0,5.0,part-time,Web dev,Front-end developer,18-24 ปี,2 คนขึ้นไป แต่ไม่เกิน 20 คน (2 to 19 employees),10000
22,กรุงเทพมหานคร (Bangkok),ปริญญาตรี (Bachelor's Degree),2.0,1.0,full-time,Web dev,Full-stack developer,18-24 ปี,2 คนขึ้นไป แต่ไม่เกิน 20 คน (2 to 19 employees),18500
23,กรุงเทพมหานคร (Bangkok),ปริญญาโท (Master's Degree),2.0,1.0,full-time,Data,Data scientist or machine learning specialist,25-34 ปี,20 คนขึ้นไป แต่ไม่เกิน 100 คน (20 to 99 employees),23000
24,สมุทรปราการ (Samut Prakan),ปริญญาโท (Master's Degree),4.0,13.0,full-time,Game dev,graphics programmer (graphics programmer != game programmer),25-34 ปี,"10,000 คนขึ้นไป (10,000 or more employees)",400000
25,กรุงเทพมหานคร (Bangkok),ปริญญาตรี (Bachelor's Degree),2.0,2.0,full-time,Game dev,Game or graphics developer,18-24 ปี,2 คนขึ้นไป แต่ไม่เกิน 20 คน (2 to 19 employees),36000
26,กรุงเทพมหานคร (Bangkok),ปริญญาตรี (Bachelor's Degree),1.0,2.0,full-time,Web dev,Full-stack developer,18-24 ปี,"100 คนขึ้นไป แต่ไม่เกิน 1,000 คน (100 to 999 employees)",50000
27,พระนครศรีอยุธยา (Phra Nahhon Si Ayutthaya),ปริญญาตรี (Bachelor's Degree),17.0,15.0,full-time,Manager,#Manager,35-44 ปี,"1,000 คนขึ้นไป แต่ไม่เกิน 10,000 คน (1,000 to 9,999 employees)",75800
28,กรุงเทพมหานคร (Bangkok),ปริญญาตรี (Bachelor's Degree),4.0,3.0,full-time,Web dev,Front-end developer,25-34 ปี,"100 คนขึ้นไป แต่ไม่เกิน 1,000 คน (100 to 999 employees)",40000
29,ปทุมธานี (Pathum Thani),ปริญญาตรี (Bachelor's Degree),15.0,8.0,full-time,Admin,Database administrator,35-44 ปี,2 คนขึ้นไป แต่ไม่เกิน 20 คน (2 to 19 employees),45000
30,กรุงเทพมหานคร (Bangkok),ปริญญาตรี (Bachelor's Degree),5.0,6.0,full-time,Game dev,Game or graphics developer,25-34 ปี,2 คนขึ้นไป แต่ไม่เกิน 20 คน (2 to 19 employees),45000
31,กรุงเทพมหานคร (Bangkok),ปริญญาตรี (Bachelor's Degree),0.5,1.0,full-time,Game dev,Game or graphics developer,25-34 ปี,20 คนขึ้นไป แต่ไม่เกิน 100 คน (20 to 99 employees),25000
32,สงขลา (Songkla),ปริญญาตรี (Bachelor's Degree),1.0,0.0,full-time,Web dev,Front-end developer,25-34 ปี,2 คนขึ้นไป แต่ไม่เกิน 20 คน (2 to 19 employees),13000
33,อุบลราชธานี (Ubon Ratchathani),ปริญญาตรี (Bachelor's Degree),1.0,7.0,freelance,Data,Data scientist or machine learning specialist,18-24 ปี,มีคนเดียว ทำทุกตำแหน่ง (Freelancer/Just me),50000
34,กรุงเทพมหานคร (Bangkok),ปริญญาตรี (Bachelor's Degree),0.0,3.0,part-time,Data,Data scientist or machine learning specialist,18-24 ปี,"10,000 คนขึ้นไป (10,000 or more employees)",30000
35,กรุงเทพมหานคร (Bangkok),ปริญญาโท (Master's Degree),6.0,6.0,full-time,Bussiness,Data or business analyst,25-34 ปี,"1,000 คนขึ้นไป แต่ไม่เกิน 10,000 คน (1,000 to 9,999 employees)",46000
36,กรุงเทพมหานคร (Bangkok),ปริญญาโท (Master's Degree),11.0,10.0,full-time,Data,Data scientist or machine learning specialist,35-44 ปี,20 คนขึ้นไป แต่ไม่เกิน 100 คน (20 to 99 employees),193000
37,ปทุมธานี (Pathum Thani),ปริญญาตรี (Bachelor's Degree),1.0,1.0,full-time,Web dev,Full-stack developer,18-24 ปี,"100 คนขึ้นไป แต่ไม่เกิน 1,000 คน (100 to 999 employees)",69
38,กรุงเทพมหานคร (Bangkok),ปริญญาโท (Master's Degree),6.0,6.0,full-time,Academic,Scientist,35-44 ปี,"10,000 คนขึ้นไป (10,000 or more employees)",300000
39,กรุงเทพมหานคร (Bangkok),ปริญญาโท (Master's Degree),5.0,5.0,full-time,Data,Data scientist or machine learning specialist,25-34 ปี,20 คนขึ้นไป แต่ไม่เกิน 100 คน (20 to 99 employees),60000
40,ฉะเชิงเทรา (Chachoengsao),ปริญญาโท (Master's Degree),2.0,4.0,full-time,Data,Data scientist or machine learning specialist,25-34 ปี,"100 คนขึ้นไป แต่ไม่เกิน 1,000 คน (100 to 999 employees)",95000
41,กรุงเทพมหานคร (Bangkok),ปริญญาตรี (Bachelor's Degree),1.0,6.0,full-time,Web dev,Full-stack developer,25-34 ปี,2 คนขึ้นไป แต่ไม่เกิน 20 คน (2 to 19 employees),50000
42,กรุงเทพมหานคร (Bangkok),ปริญญาตรี (Bachelor's Degree),19.0,19.0,full-time,Engineer,System analyst,35-44 ปี,"10,000 คนขึ้นไป (10,000 or more employees)",110000
43,นนทบุรี (Nonthaburi),ปริญญาตรี (Bachelor's Degree),8.0,8.0,full-time,Web dev,Front-end developer,25-34 ปี,20 คนขึ้นไป แต่ไม่เกิน 100 คน (20 to 99 employees),280000
44,กรุงเทพมหานคร (Bangkok),ปริญญาตรี (Bachelor's Degree),6.0,5.0,full-time,Web dev,Front-end developer,25-34 ปี,"100 คนขึ้นไป แต่ไม่เกิน 1,000 คน (100 to 999 employees)",95000
45,กรุงเทพมหานคร (Bangkok),ปริญญาตรี (Bachelor's Degree),6.0,6.0,full-time,Web dev,Back-end developer,25-34 ปี,"100 คนขึ้นไป แต่ไม่เกิน 1,000 คน (100 to 999 employees)",95000
46,กรุงเทพมหานคร (Bangkok),ปริญญาตรี (Bachelor's Degree),10.0,10.0,full-time,Web dev,DevOps specialist,25-34 ปี,"1,000 คนขึ้นไป แต่ไม่เกิน 10,000 คน (1,000 to 9,999 employees)",51700
47,ลำพูน (Lumpoon),ปริญญาตรี (Bachelor's Degree),17.0,17.0,full-time,Manager,#Manager,35-44 ปี,"100 คนขึ้นไป แต่ไม่เกิน 1,000 คน (100 to 999 employees)",60000
48,กรุงเทพมหานคร (Bangkok),ปริญญาโท (Master's Degree),12.0,4.5,full-time,Data,Data scientist or machine learning specialist,35-44 ปี,"1,000 คนขึ้นไป แต่ไม่เกิน 10,000 คน (1,000 to 9,999 employees)",110000
49,กรุงเทพมหานคร (Bangkok),ปริญญาตรี (Bachelor's Degree),4.0,8.0,full-time,Web dev,Full-stack developer,25-34 ปี,20 คนขึ้นไป แต่ไม่เกิน 100 คน (20 to 99 employees),45000
50,กรุงเทพมหานคร (Bangkok),ปริญญาตรี (Bachelor's Degree),2.0,2.0,full-time,Engineer,Software Engineer,18-24 ปี,"100 คนขึ้นไป แต่ไม่เกิน 1,000 คน (100 to 999 employees)",32000
51,สมุุทรสงคราม (Samut  Songkhram),ปริญญาตรี (Bachelor's Degree),10.0,10.0,full-time,Mobile dev,Mobile developer,35-44 ปี,"1,000 คนขึ้นไป แต่ไม่เกิน 10,000 คน (1,000 to 9,999 employees)",140000
52,กรุงเทพมหานคร (Bangkok),ปริญญาตรี (Bachelor's Degree),4.0,4.0,full-time,Data,Data scientist or machine learning specialist,25-34 ปี,20 คนขึ้นไป แต่ไม่เกิน 100 คน (20 to 99 employees),65000
53,กรุงเทพมหานคร (Bangkok),มัธยมศึกษาตอนปลาย (High School),18.0,18.0,full-time,Security,#Security Engineer,35-44 ปี,"100 คนขึ้นไป แต่ไม่เกิน 1,000 คน (100 to 999 employees)",110000
